file_name,folder,sub_path,data_source,period,quarter,file_type,size_kb,status,notes
Acute-Trust-Attribution-File-1.xls,ae_emergency,ae_emergency/A&E attendances and emergency admissions,A&E attendances & emergency admissions,,,xls,135.0,raw,
April-26-AE-by-provider-v2-tKVXL.xls,ae_emergency,ae_emergency/A&E attendances and emergency admissions,A&E attendances & emergency admissions,,,xls,417.0,raw,
May-26-AE-by-provider-QVPHP.xls,ae_emergency,ae_emergency/A&E attendances and emergency admissions,A&E attendances & emergency admissions,,,xls,421.0,raw,
Quarterly-Annual-Time-Series-revised-Rq3p2f.xls,ae_emergency,ae_emergency/A&E attendances and emergency admissions,A&E attendances & emergency admissions,,,xls,177.0,raw,
System-Mapping-Apr-26.xls,ae_emergency,ae_emergency/A&E attendances and emergency admissions,A&E attendances & emergency admissions,,,xls,72.0,raw,
Supplementary-ECDS-Analysis-Time-Series-February-2023-Onwards-ALAW26 (1).xlsx,ae_emergency,ae_emergency/A&E attendances and emergency admissions,A&E attendances & emergency admissions,2023-02,Q4 2022/23,xlsx,55.5,raw,
Supplementary-ECDS-Analysis-Time-Series-February-2023-Onwards-ALAW26.xlsx,ae_emergency,ae_emergency/A&E attendances and emergency admissions,A&E attendances & emergency admissions,2023-02,Q4 2022/23,xlsx,55.5,raw,
April-2025-CSV-revised.csv,ae_emergency,ae_emergency/A&E attendances and emergency admissions,A&E attendances & emergency admissions,2025-04,Q1 2025/26,csv,28.2,raw,
April-2025-NEL-YTD-Growth-rates-.xls,ae_emergency,ae_emergency/A&E attendances and emergency admissions,A&E attendances & emergency admissions,2025-04,Q1 2025/26,xls,171.5,raw,
Supplementary-ECDS-Analysis-April-2025-Final.xlsx,ae_emergency,ae_emergency/A&E attendances and emergency admissions,A&E attendances & emergency admissions,2025-04,Q1 2025/26,xlsx,356.9,raw,
May-2025-AE-by-provider-RIgsW-revised.xls,ae_emergency,ae_emergency/A&E attendances and emergency admissions,A&E attendances & emergency admissions,2025-05,Q1 2025/26,xls,428.5,raw,
May-2025-NEL-YTD-Growth-rates-1-1.xls,ae_emergency,ae_emergency/A&E attendances and emergency admissions,A&E attendances & emergency admissions,2025-05,Q1 2025/26,xls,171.5,raw,
Supplementary-ECDS-Analysis-May-2025-Final-1.xlsx,ae_emergency,ae_emergency/A&E attendances and emergency admissions,A&E attendances & emergency admissions,2025-05,Q1 2025/26,xlsx,354.9,raw,
June-2025-AE-by-provider-CkkTE-revised.xls,ae_emergency,ae_emergency/A&E attendances and emergency admissions,A&E attendances & emergency admissions,2025-06,Q1 2025/26,xls,429.5,raw,
June-2025-NEL-YTD-Growth-rates.xls,ae_emergency,ae_emergency/A&E attendances and emergency admissions,A&E attendances & emergency admissions,2025-06,Q1 2025/26,xls,172.0,raw,
Supplementary-ECDS-Analysis-June-2025-Final.xlsx,ae_emergency,ae_emergency/A&E attendances and emergency admissions,A&E attendances & emergency admissions,2025-06,Q1 2025/26,xlsx,372.7,raw,
July-2025-CSV-revised.csv,ae_emergency,ae_emergency/A&E attendances and emergency admissions,A&E attendances & emergency admissions,2025-07,Q2 2025/26,csv,28.3,raw,
July-2025-NEL-YTD-Growth-rates.xls,ae_emergency,ae_emergency/A&E attendances and emergency admissions,A&E attendances & emergency admissions,2025-07,Q2 2025/26,xls,172.0,raw,
Supplementary-ECDS-Analysis-July-2025-Final.xlsx,ae_emergency,ae_emergency/A&E attendances and emergency admissions,A&E attendances & emergency admissions,2025-07,Q2 2025/26,xlsx,378.1,raw,
August-2025-CSV-revised.csv,ae_emergency,ae_emergency/A&E attendances and emergency admissions,A&E attendances & emergency admissions,2025-08,Q2 2025/26,csv,28.7,raw,
August-2025-NEL-YTD-Growth-rates.xls,ae_emergency,ae_emergency/A&E attendances and emergency admissions,A&E attendances & emergency admissions,2025-08,Q2 2025/26,xls,172.0,raw,
Supplementary-ECDS-Analysis-August-2025-Final.xlsx,ae_emergency,ae_emergency/A&E attendances and emergency admissions,A&E attendances & emergency admissions,2025-08,Q2 2025/26,xlsx,388.6,raw,
September-2025-CSV-revised.csv,ae_emergency,ae_emergency/A&E attendances and emergency admissions,A&E attendances & emergency admissions,2025-09,Q2 2025/26,csv,29.3,raw,
September-2025-NEL-YTD-Growth-rates.xls,ae_emergency,ae_emergency/A&E attendances and emergency admissions,A&E attendances & emergency admissions,2025-09,Q2 2025/26,xls,171.5,raw,
Supplementary-ECDS-Analysis-September-2025-Final.xlsx,ae_emergency,ae_emergency/A&E attendances and emergency admissions,A&E attendances & emergency admissions,2025-09,Q2 2025/26,xlsx,393.7,raw,
ECDS_Activity_Finalised_October_2025-ol8fIu.xlsx,ae_emergency,ae_emergency/A&E attendances and emergency admissions,A&E attendances & emergency admissions,2025-10,Q3 2025/26,xlsx,730.3,raw,
ECDS_Performance_Finalised_October_2025-91gTD2.xlsx,ae_emergency,ae_emergency/A&E attendances and emergency admissions,A&E attendances & emergency admissions,2025-10,Q3 2025/26,xlsx,184.6,raw,
Monthly-AE-October-2025-revised-fly02sk.csv,ae_emergency,ae_emergency/A&E attendances and emergency admissions,A&E attendances & emergency admissions,2025-10,Q3 2025/26,csv,28.5,raw,
October-2025-NEL-YTD-Growth-rates.xls,ae_emergency,ae_emergency/A&E attendances and emergency admissions,A&E attendances & emergency admissions,2025-10,Q3 2025/26,xls,172.5,raw,
ECDS_Activity_Finalised_November_2025_4bEkK9.xlsx,ae_emergency,ae_emergency/A&E attendances and emergency admissions,A&E attendances & emergency admissions,2025-11,Q3 2025/26,xlsx,729.9,raw,
ECDS_Performance_Finalised_November_2025_B0DylQ-1.xlsx,ae_emergency,ae_emergency/A&E attendances and emergency admissions,A&E attendances & emergency admissions,2025-11,Q3 2025/26,xlsx,180.6,raw,
November-2025-AE-by-provider-revised-98BKJ.xls,ae_emergency,ae_emergency/A&E attendances and emergency admissions,A&E attendances & emergency admissions,2025-11,Q3 2025/26,xls,427.0,raw,
November-2025-NEL-YTD-Growth-rates.xls,ae_emergency,ae_emergency/A&E attendances and emergency admissions,A&E attendances & emergency admissions,2025-11,Q3 2025/26,xls,172.5,raw,
December-2025-NEL-YTD-Growth-rates.xls,ae_emergency,ae_emergency/A&E attendances and emergency admissions,A&E attendances & emergency admissions,2025-12,Q3 2025/26,xls,172.0,raw,
Monthly-AE-December-2025-revised-g9Hy6.csv,ae_emergency,ae_emergency/A&E attendances and emergency admissions,A&E attendances & emergency admissions,2025-12,Q3 2025/26,csv,28.7,raw,
January-2026-NEL-YTD-Growth-rates.xls,ae_emergency,ae_emergency/A&E attendances and emergency admissions,A&E attendances & emergency admissions,2026-01,Q4 2025/26,xls,172.5,raw,
Monthly-AE-January-2026-Provider-revised-lqb32.xls,ae_emergency,ae_emergency/A&E attendances and emergency admissions,A&E attendances & emergency admissions,2026-01,Q4 2025/26,xls,427.5,raw,
Monthly-AE-January-2026-revised-3dker.csv,ae_emergency,ae_emergency/A&E attendances and emergency admissions,A&E attendances & emergency admissions,2026-01,Q4 2025/26,csv,28.5,raw,
ECDS_Activity_Finalised_2026-02-05_102029_9X7WT3.xlsx,ae_emergency,ae_emergency/A&E attendances and emergency admissions,A&E attendances & emergency admissions,2026-02,Q4 2025/26,xlsx,735.9,raw,
ECDS_Performance_Finalised_2026-02-05_101332_7PCF6T.xlsx,ae_emergency,ae_emergency/A&E attendances and emergency admissions,A&E attendances & emergency admissions,2026-02,Q4 2025/26,xlsx,183.3,raw,
February-2026-CSV-Dl8t54.csv,ae_emergency,ae_emergency/A&E attendances and emergency admissions,A&E attendances & emergency admissions,2026-02,Q4 2025/26,csv,28.6,raw,
February-2026-NEL-YTD-Growth-rates.xls,ae_emergency,ae_emergency/A&E attendances and emergency admissions,A&E attendances & emergency admissions,2026-02,Q4 2025/26,xls,172.5,raw,
ECDS_Activity_Finalised_2026-03-05_Jan26_SS2YR4.xlsx,ae_emergency,ae_emergency/A&E attendances and emergency admissions,A&E attendances & emergency admissions,2026-03,Q4 2025/26,xlsx,732.6,raw,
ECDS_Performance_Finalised_2026-03-05_Jan-26_HM9SWJ.xlsx,ae_emergency,ae_emergency/A&E attendances and emergency admissions,A&E attendances & emergency admissions,2026-03,Q4 2025/26,xlsx,181.0,raw,
March-2026-NEL-YTD-Growth-rates.xls,ae_emergency,ae_emergency/A&E attendances and emergency admissions,A&E attendances & emergency admissions,2026-03,Q4 2025/26,xls,172.5,raw,
Monthly-AE-March-2026-revised-flkg42.csv,ae_emergency,ae_emergency/A&E attendances and emergency admissions,A&E attendances & emergency admissions,2026-03,Q4 2025/26,csv,28.3,raw,
ECDS_Activity_Finalised_2026-04-08_Feb_26_111422_Y76H1U.xlsx,ae_emergency,ae_emergency/A&E attendances and emergency admissions,A&E attendances & emergency admissions,2026-04,Q1 2026/27,xlsx,740.0,raw,
ECDS_Performance_Finalised_2026-04-08_Feb_26_085132_0N5UZF.xlsx,ae_emergency,ae_emergency/A&E attendances and emergency admissions,A&E attendances & emergency admissions,2026-04,Q1 2026/27,xlsx,183.8,raw,
ECDS_Activity_Finalised_2026-05-07_March_26_151416_4VYI1Y.xlsx,ae_emergency,ae_emergency/A&E attendances and emergency admissions,A&E attendances & emergency admissions,2026-05,Q1 2026/27,xlsx,742.6,raw,
ECDS_Performance_Finalised_2026-05-07_March_26_150246_IU0U7H.xlsx,ae_emergency,ae_emergency/A&E attendances and emergency admissions,A&E attendances & emergency admissions,2026-05,Q1 2026/27,xlsx,185.9,raw,
Monthly-AE-Time-Series-May-2026-wlgnE2.xls,ae_emergency,ae_emergency/A&E attendances and emergency admissions,A&E attendances & emergency admissions,2026-05,Q1 2026/27,xls,435.5,raw,
ECDS_Activity_Finalised_Apr_26_2026-06-05_132017_OFX88K.xlsx,ae_emergency,ae_emergency/A&E attendances and emergency admissions,A&E attendances & emergency admissions,2026-06,Q1 2026/27,xlsx,731.2,raw,
ECDS_Activity_Provisional_May_26_2026-06-05_132550_G619UC.xlsx,ae_emergency,ae_emergency/A&E attendances and emergency admissions,A&E attendances & emergency admissions,2026-06,Q1 2026/27,xlsx,718.2,raw,
ECDS_Performance_Finalised_Apr_26_2026-06-05_130553_AKGNAI.xlsx,ae_emergency,ae_emergency/A&E attendances and emergency admissions,A&E attendances & emergency admissions,2026-06,Q1 2026/27,xlsx,182.6,raw,
ECDS_Performance_Provisional_May_26_2026-06-05_130554_HF2UI5.xlsx,ae_emergency,ae_emergency/A&E attendances and emergency admissions,A&E attendances & emergency admissions,2026-06,Q1 2026/27,xlsx,180.2,raw,
1920-Q1-Beds-Open-Day-Only-Web_File-Final-DE5WC.xlsx,beds_kh03,beds_kh03/Bed Availability and Occupancy – KH03/Bed Availability and Occupancy Data – Day only,Bed availability & occupancy (KH03),,,xlsx,127.9,raw,
1920-Q1-Beds-Open-Overnight-Web_File-Final-DE5WC.xlsx,beds_kh03,beds_kh03/Bed Availability and Occupancy – KH03/Bed Availability and Occupancy Data – Overnight,Bed availability & occupancy (KH03),,,xlsx,143.3,raw,
1920-Q2-Beds-Open-Day-Only-Web_File-Final-DE5WC.xlsx,beds_kh03,beds_kh03/Bed Availability and Occupancy – KH03/Bed Availability and Occupancy Data – Day only,Bed availability & occupancy (KH03),,,xlsx,126.9,raw,
1920-Q2-Beds-Open-Overnight-Web_File-Final-DE5WC.xlsx,beds_kh03,beds_kh03/Bed Availability and Occupancy – KH03/Bed Availability and Occupancy Data – Overnight,Bed availability & occupancy (KH03),,,xlsx,142.7,raw,
1920-Q3-Beds-Open-Day-Only-Web_File-Final-DE5WC.xlsx,beds_kh03,beds_kh03/Bed Availability and Occupancy – KH03/Bed Availability and Occupancy Data – Day only,Bed availability & occupancy (KH03),,,xlsx,125.0,raw,
1920-Q3-Beds-Open-Overnight-Web_File-Final-DE5WC.xlsx,beds_kh03,beds_kh03/Bed Availability and Occupancy – KH03/Bed Availability and Occupancy Data – Overnight,Bed availability & occupancy (KH03),,,xlsx,140.9,raw,
1920-Q4-Beds-Open-Day-Only-Web_File-Final-DE5WC.xlsx,beds_kh03,beds_kh03/Bed Availability and Occupancy – KH03/Bed Availability and Occupancy Data – Day only,Bed availability & occupancy (KH03),,,xlsx,131.1,raw,
1920-Q4-Beds-Open-Overnight-Web_File-Final-DE5WC.xlsx,beds_kh03,beds_kh03/Bed Availability and Occupancy – KH03/Bed Availability and Occupancy Data – Overnight,Bed availability & occupancy (KH03),,,xlsx,142.5,raw,
KH03-Available-Day-only.csv,beds_kh03,beds_kh03/Bed Availability and Occupancy – KH03/Bed Availability and Occupancy Data – Day only,Bed availability & occupancy (KH03),,,csv,1606.3,raw,
KH03-Available-Overnight-only.csv,beds_kh03,beds_kh03/Bed Availability and Occupancy – KH03/Bed Availability and Occupancy Data – Overnight,Bed availability & occupancy (KH03),,,csv,1979.3,raw,
KH03-Occupied-Day-only.csv,beds_kh03,beds_kh03/Bed Availability and Occupancy – KH03/Bed Availability and Occupancy Data – Day only,Bed availability & occupancy (KH03),,,csv,1635.1,raw,
KH03-Occupied-Overnight-only.csv,beds_kh03,beds_kh03/Bed Availability and Occupancy – KH03/Bed Availability and Occupancy Data – Overnight,Bed availability & occupancy (KH03),,,csv,2045.5,raw,
KH03-Occupied-by-Spec-Day-only.csv,beds_kh03,beds_kh03/Bed Availability and Occupancy – KH03/Bed Availability and Occupancy Data – Day only,Bed availability & occupancy (KH03),,,csv,20334.7,raw,
KH03-Occupied-by-Spec-Overnight-only.csv,beds_kh03,beds_kh03/Bed Availability and Occupancy – KH03/Bed Availability and Occupancy Data – Overnight,Bed availability & occupancy (KH03),,,csv,30174.4,raw,
Beds-Time-Series-–-1987-88-to-2009-10-XLS-34K.xls,beds_kh03,beds_kh03/Bed Availability and Occupancy – KH03,Bed availability & occupancy (KH03),2009-10,Q3 2009/10,xls,40.0,raw,
Beds-Timeseries-2010-11-onwards-Q4-2025-26.xlsx,beds_kh03,beds_kh03/Bed Availability and Occupancy – KH03,Bed availability & occupancy (KH03),2010-11,Q3 2010/11,xlsx,72.5,raw,
Beds-Open-Day-Only-Web_File-Final-Q1-2020-21.xlsx,beds_kh03,beds_kh03/Bed Availability and Occupancy – KH03/Bed Availability and Occupancy Data – Day only,Bed availability & occupancy (KH03),2020,,xlsx,122.5,raw,
Beds-Open-Day-Only-Web_File-Final-Q2-2020-21.xlsx,beds_kh03,beds_kh03/Bed Availability and Occupancy – KH03/Bed Availability and Occupancy Data – Day only,Bed availability & occupancy (KH03),2020,,xlsx,123.5,raw,
Beds-Open-Day-Only-Web_File-Q3-2020-21-Final.xlsx,beds_kh03,beds_kh03/Bed Availability and Occupancy – KH03/Bed Availability and Occupancy Data – Day only,Bed availability & occupancy (KH03),2020,,xlsx,123.9,raw,
Beds-Open-Day-Only-Web_File-Q4-2020-21-Final.xlsx,beds_kh03,beds_kh03/Bed Availability and Occupancy – KH03/Bed Availability and Occupancy Data – Day only,Bed availability & occupancy (KH03),2020,,xlsx,119.1,raw,
Beds-Open-Overnight-Web_File-Q1-2020-21-Final.xlsx,beds_kh03,beds_kh03/Bed Availability and Occupancy – KH03/Bed Availability and Occupancy Data – Overnight,Bed availability & occupancy (KH03),2020,,xlsx,138.4,raw,
Beds-Open-Overnight-Web_File-Q2-2020-21-Final.xlsx,beds_kh03,beds_kh03/Bed Availability and Occupancy – KH03/Bed Availability and Occupancy Data – Overnight,Bed availability & occupancy (KH03),2020,,xlsx,137.9,raw,
Beds-Open-Overnight-Web_File-Q3-2020-21-Final.xlsx,beds_kh03,beds_kh03/Bed Availability and Occupancy – KH03/Bed Availability and Occupancy Data – Overnight,Bed availability & occupancy (KH03),2020,,xlsx,137.7,raw,
Beds-Open-Overnight-Web_File-Q4-2020-21-Final-1.xlsx,beds_kh03,beds_kh03/Bed Availability and Occupancy – KH03/Bed Availability and Occupancy Data – Overnight,Bed availability & occupancy (KH03),2020,,xlsx,132.9,raw,
Beds-Open-Day-Only-Web_File-Q1-2021-22-Final.xlsx,beds_kh03,beds_kh03/Bed Availability and Occupancy – KH03/Bed Availability and Occupancy Data – Day only,Bed availability & occupancy (KH03),2021,,xlsx,124.5,raw,
Beds-Open-Day-Only-Web_File-Q2-2021-22-Final.xlsx,beds_kh03,beds_kh03/Bed Availability and Occupancy – KH03/Bed Availability and Occupancy Data – Day only,Bed availability & occupancy (KH03),2021,,xlsx,123.5,raw,
Beds-Open-Day-Only-Web_File-Q3-2021-22-Final-QAZSD.xlsx,beds_kh03,beds_kh03/Bed Availability and Occupancy – KH03/Bed Availability and Occupancy Data – Day only,Bed availability & occupancy (KH03),2021,,xlsx,121.0,raw,
Beds-Open-Day-Only-Web_File-Q4-2021-22-Final-OIUJK.xlsx,beds_kh03,beds_kh03/Bed Availability and Occupancy – KH03/Bed Availability and Occupancy Data – Day only,Bed availability & occupancy (KH03),2021,,xlsx,122.0,raw,
Beds-Open-Overnight-Web_File-Q1-2021-22-Final-GHVBN.xlsx,beds_kh03,beds_kh03/Bed Availability and Occupancy – KH03/Bed Availability and Occupancy Data – Overnight,Bed availability & occupancy (KH03),2021,,xlsx,138.7,raw,
Beds-Open-Overnight-Web_File-Q2-2021-22-GHVBN-Final.xlsx,beds_kh03,beds_kh03/Bed Availability and Occupancy – KH03/Bed Availability and Occupancy Data – Overnight,Bed availability & occupancy (KH03),2021,,xlsx,137.6,raw,
Beds-Open-Overnight-Web_File-Q3-2021-22-Final-GHVBN.xlsx,beds_kh03,beds_kh03/Bed Availability and Occupancy – KH03/Bed Availability and Occupancy Data – Overnight,Bed availability & occupancy (KH03),2021,,xlsx,137.4,raw,
Beds-Open-Overnight-Web_File-Q4-2021-22-Final-GHVBN.xlsx,beds_kh03,beds_kh03/Bed Availability and Occupancy – KH03/Bed Availability and Occupancy Data – Overnight,Bed availability & occupancy (KH03),2021,,xlsx,135.7,raw,
Beds-Open-Day-Only-Web_File-Q1-2022-23-Final.xlsx,beds_kh03,beds_kh03/Bed Availability and Occupancy – KH03/Bed Availability and Occupancy Data – Day only,Bed availability & occupancy (KH03),2022,,xlsx,121.5,raw,
Beds-Open-Day-Only-Web_File-Q2-2022-23-Final.xlsx,beds_kh03,beds_kh03/Bed Availability and Occupancy – KH03/Bed Availability and Occupancy Data – Day only,Bed availability & occupancy (KH03),2022,,xlsx,120.8,raw,
Beds-Open-Day-Only-Web_File-Q3-2022-23-Final.xlsx,beds_kh03,beds_kh03/Bed Availability and Occupancy – KH03/Bed Availability and Occupancy Data – Day only,Bed availability & occupancy (KH03),2022,,xlsx,120.5,raw,
Beds-Open-Day-Only-Web_File-Q4-2022-23-Final.xlsx,beds_kh03,beds_kh03/Bed Availability and Occupancy – KH03/Bed Availability and Occupancy Data – Day only,Bed availability & occupancy (KH03),2022,,xlsx,118.9,raw,
Beds-Open-Overnight-Web_File-Q1-2022-23-Final.xlsx,beds_kh03,beds_kh03/Bed Availability and Occupancy – KH03/Bed Availability and Occupancy Data – Overnight,Bed availability & occupancy (KH03),2022,,xlsx,137.3,raw,
Beds-Open-Overnight-Web_File-Q2-2022-23-Final.xlsx,beds_kh03,beds_kh03/Bed Availability and Occupancy – KH03/Bed Availability and Occupancy Data – Overnight,Bed availability & occupancy (KH03),2022,,xlsx,136.3,raw,
Beds-Open-Overnight-Web_File-Q3-2022-23-Final.xlsx,beds_kh03,beds_kh03/Bed Availability and Occupancy – KH03/Bed Availability and Occupancy Data – Overnight,Bed availability & occupancy (KH03),2022,,xlsx,135.8,raw,
Beds-Open-Overnight-Web_File-Q4-2022-23-Final.xlsx,beds_kh03,beds_kh03/Bed Availability and Occupancy – KH03/Bed Availability and Occupancy Data – Overnight,Bed availability & occupancy (KH03),2022,,xlsx,133.9,raw,
Beds-Open-Day-Only-Web_File-Q1-2023-24-Revised-POKJH.xlsx,beds_kh03,beds_kh03/Bed Availability and Occupancy – KH03/Bed Availability and Occupancy Data – Day only,Bed availability & occupancy (KH03),2023,,xlsx,121.8,raw,
Beds-Open-Day-Only-Web_File-Q2-2023-24-Revised-POKJH-1.xlsx,beds_kh03,beds_kh03/Bed Availability and Occupancy – KH03/Bed Availability and Occupancy Data – Day only,Bed availability & occupancy (KH03),2023,,xlsx,120.3,raw,
Beds-Open-Day-Only-Web_File-Q3-2023-24-Revised-POKJH.xlsx,beds_kh03,beds_kh03/Bed Availability and Occupancy – KH03/Bed Availability and Occupancy Data – Day only,Bed availability & occupancy (KH03),2023,,xlsx,120.1,raw,
Beds-Open-Day-Only-Web_File-Q4-2023-24-Final-2.xlsx,beds_kh03,beds_kh03/Bed Availability and Occupancy – KH03/Bed Availability and Occupancy Data – Day only,Bed availability & occupancy (KH03),2023,,xlsx,121.0,raw,
Beds-Open-Overnight-Web_File-Q1-2023-24-Revised-POKJH.xlsx,beds_kh03,beds_kh03/Bed Availability and Occupancy – KH03/Bed Availability and Occupancy Data – Overnight,Bed availability & occupancy (KH03),2023,,xlsx,136.6,raw,
Beds-Open-Overnight-Web_File-Q2-2023-24-Revised-POKJH.xlsx,beds_kh03,beds_kh03/Bed Availability and Occupancy – KH03/Bed Availability and Occupancy Data – Overnight,Bed availability & occupancy (KH03),2023,,xlsx,135.4,raw,
Beds-Open-Overnight-Web_File-Q3-2023-24-Revised-POKJH.xlsx,beds_kh03,beds_kh03/Bed Availability and Occupancy – KH03/Bed Availability and Occupancy Data – Overnight,Bed availability & occupancy (KH03),2023,,xlsx,135.3,raw,
Beds-Open-Overnight-Web_File-Q4-2023-24-Final.xlsx,beds_kh03,beds_kh03/Bed Availability and Occupancy – KH03/Bed Availability and Occupancy Data – Overnight,Bed availability & occupancy (KH03),2023,,xlsx,139.9,raw,
Beds-Open-Day-Only-Web_File-Q1-2024-25-revised.xlsx,beds_kh03,beds_kh03/Bed Availability and Occupancy – KH03/Bed Availability and Occupancy Data – Day only,Bed availability & occupancy (KH03),2024,,xlsx,120.7,raw,
Beds-Open-Day-Only-Web_File-Q2-2024-25.xlsx,beds_kh03,beds_kh03/Bed Availability and Occupancy – KH03/Bed Availability and Occupancy Data – Day only,Bed availability & occupancy (KH03),2024,,xlsx,122.8,raw,
Beds-Open-Day-Only-Web_File-Q3-2024-25-revised.xlsx,beds_kh03,beds_kh03/Bed Availability and Occupancy – KH03/Bed Availability and Occupancy Data – Day only,Bed availability & occupancy (KH03),2024,,xlsx,119.8,raw,
Beds-Open-Day-Only-Web_File-Q4-2024-25.xlsx,beds_kh03,beds_kh03/Bed Availability and Occupancy – KH03/Bed Availability and Occupancy Data – Day only,Bed availability & occupancy (KH03),2024,,xlsx,125.1,raw,
Beds-Open-Overnight-Web_File-Q1-2024-25-revised.xlsx,beds_kh03,beds_kh03/Bed Availability and Occupancy – KH03/Bed Availability and Occupancy Data – Overnight,Bed availability & occupancy (KH03),2024,,xlsx,134.9,raw,
Beds-Open-Overnight-Web_File-Q2-2024-25.xlsx,beds_kh03,beds_kh03/Bed Availability and Occupancy – KH03/Bed Availability and Occupancy Data – Overnight,Bed availability & occupancy (KH03),2024,,xlsx,133.1,raw,
Beds-Open-Overnight-Web_File-Q3-2024-25-revised.xlsx,beds_kh03,beds_kh03/Bed Availability and Occupancy – KH03/Bed Availability and Occupancy Data – Overnight,Bed availability & occupancy (KH03),2024,,xlsx,134.3,raw,
Beds-Open-Overnight-Web_File-Q4-2024-25.xlsx,beds_kh03,beds_kh03/Bed Availability and Occupancy – KH03/Bed Availability and Occupancy Data – Overnight,Bed availability & occupancy (KH03),2024,,xlsx,135.7,raw,
Beds-Open-Day-Only-Web_File-Q1-2025-26-revised.xlsx,beds_kh03,beds_kh03/Bed Availability and Occupancy – KH03/Bed Availability and Occupancy Data – Day only,Bed availability & occupancy (KH03),2025,,xlsx,119.5,raw,
Beds-Open-Day-Only-Web_File-Q2-2025-26.xlsx,beds_kh03,beds_kh03/Bed Availability and Occupancy – KH03/Bed Availability and Occupancy Data – Day only,Bed availability & occupancy (KH03),2025,,xlsx,118.9,raw,
Beds-Open-Day-Only-Web_File-Q3-2025-26.xlsx,beds_kh03,beds_kh03/Bed Availability and Occupancy – KH03/Bed Availability and Occupancy Data – Day only,Bed availability & occupancy (KH03),2025,,xlsx,124.5,raw,
Beds-Open-Day-Only-Web_File-Q4-2025-26.xlsx,beds_kh03,beds_kh03/Bed Availability and Occupancy – KH03/Bed Availability and Occupancy Data – Day only,Bed availability & occupancy (KH03),2025,,xlsx,120.3,raw,
Beds-Open-Overnight-Web_File-Q1-2025-26-revised.xlsx,beds_kh03,beds_kh03/Bed Availability and Occupancy – KH03/Bed Availability and Occupancy Data – Overnight,Bed availability & occupancy (KH03),2025,,xlsx,133.5,raw,
Beds-Open-Overnight-Web_File-Q2-2025-26.xlsx,beds_kh03,beds_kh03/Bed Availability and Occupancy – KH03/Bed Availability and Occupancy Data – Overnight,Bed availability & occupancy (KH03),2025,,xlsx,133.6,raw,
Beds-Open-Overnight-Web_File-Q3-2025-26.xlsx,beds_kh03,beds_kh03/Bed Availability and Occupancy – KH03/Bed Availability and Occupancy Data – Overnight,Bed availability & occupancy (KH03),2025,,xlsx,139.9,raw,
Beds-Open-Overnight-Web_File-Q4-2025-26.xlsx,beds_kh03,beds_kh03/Bed Availability and Occupancy – KH03/Bed Availability and Occupancy Data – Overnight,Bed availability & occupancy (KH03),2025,,xlsx,137.9,raw,
Cancelled-Ops-Q1-2019-20-okjDs8.xlsx,cancelled_operations,cancelled_operations/Cancelled Elective Operations Data,Cancelled elective operations (QMCO),2019,,xlsx,57.5,raw,
Cancelled-Ops-Q2-2019-20-okjDs8.xlsx,cancelled_operations,cancelled_operations/Cancelled Elective Operations Data,Cancelled elective operations (QMCO),2019,,xlsx,57.6,raw,
Cancelled-Ops-Q3-2019-20-4hiU8.xlsx,cancelled_operations,cancelled_operations/Cancelled Elective Operations Data,Cancelled elective operations (QMCO),2019,,xlsx,59.4,raw,
Q3-2021-22-Cancelled-Operations-20230511-YUIOP.xlsx,cancelled_operations,cancelled_operations/Cancelled Elective Operations Data,Cancelled elective operations (QMCO),2021,,xlsx,70.5,raw,
Q4-2021-22-Cancelled-Ops-KQNSI.xlsx,cancelled_operations,cancelled_operations/Cancelled Elective Operations Data,Cancelled elective operations (QMCO),2021,,xlsx,59.2,raw,
QMCO-Annual-CSV-Q4-2021-22-Q3-onwards-with-revisions-20230511.csv,cancelled_operations,cancelled_operations/Cancelled Elective Operations Data,Cancelled elective operations (QMCO),2021,,csv,31.0,raw,
QMCO-Annual-CSV-Q4-2021-22-Q3-onwards-with-revisions-20230511.csv,cancelled_operations,,Cancelled elective operations (QMCO),2021,,csv,31.0,raw,
Q1-2022-23-Cancelled-Ops-DJHOC.xlsx,cancelled_operations,cancelled_operations/Cancelled Elective Operations Data,Cancelled elective operations (QMCO),2022,,xlsx,59.2,raw,
Q2-2022-23-Cancelled-Ops-BFR23.xlsx,cancelled_operations,cancelled_operations/Cancelled Elective Operations Data,Cancelled elective operations (QMCO),2022,,xlsx,68.4,raw,
Q3-2022-23-Cancelled-Ops-WE8JL.xlsx,cancelled_operations,cancelled_operations/Cancelled Elective Operations Data,Cancelled elective operations (QMCO),2022,,xlsx,70.5,raw,
Q4-2022-23-Cancelled-Ops-TGJKU.xlsx,cancelled_operations,cancelled_operations/Cancelled Elective Operations Data,Cancelled elective operations (QMCO),2022,,xlsx,66.8,raw,
QMCO-Annual-CSV-Q4-2022-23-TGJKU.csv,cancelled_operations,cancelled_operations/Cancelled Elective Operations Data,Cancelled elective operations (QMCO),2022,,csv,61.8,raw,
QMCO-Annual-CSV-Q4-2022-23-TGJKU.csv,cancelled_operations,,Cancelled elective operations (QMCO),2022,,csv,61.8,raw,
Q1-2023-24-Cancelled-Operations-BREFQ.xlsx,cancelled_operations,cancelled_operations/Cancelled Elective Operations Data,Cancelled elective operations (QMCO),2023,,xlsx,63.9,raw,
Q2-2023-24-Cancelled-Operations-AGHUY.xlsx,cancelled_operations,cancelled_operations/Cancelled Elective Operations Data,Cancelled elective operations (QMCO),2023,,xlsx,43.8,raw,
Q3-2023-24-Cancelled-Operations-AGHET-1.xlsm,cancelled_operations,cancelled_operations/Cancelled Elective Operations Data,Cancelled elective operations (QMCO),2023,,xlsm,1219.3,raw,
Q4-2023-24-Cancelled-Operations-WCHYT.xlsx,cancelled_operations,cancelled_operations/Cancelled Elective Operations Data,Cancelled elective operations (QMCO),2023,,xlsx,68.9,raw,
QMCO-Annual-CSV-Q4-2023-24-WCHYT.xlsx,cancelled_operations,cancelled_operations/Cancelled Elective Operations Data,Cancelled elective operations (QMCO),2023,,xlsx,34.2,raw,
QMCO-Annual-CSV-Q4-2023-24-WCHYT.xlsx,cancelled_operations,,Cancelled elective operations (QMCO),2023,,xlsx,34.2,raw,
Q1-2024-25-Cancelled-Operations-WCAYT.xlsx,cancelled_operations,cancelled_operations/Cancelled Elective Operations Data,Cancelled elective operations (QMCO),2024,,xlsx,69.0,raw,
Q2-2024-25-Cancelled-Operations.xlsx,cancelled_operations,cancelled_operations/Cancelled Elective Operations Data,Cancelled elective operations (QMCO),2024,,xlsx,40.6,raw,
Q3-2024-25-Cancelled-Operations-65554.xlsx,cancelled_operations,cancelled_operations/Cancelled Elective Operations Data,Cancelled elective operations (QMCO),2024,,xlsx,66.8,raw,
Q4-2024-25-Cancelled-Operations.xlsx,cancelled_operations,cancelled_operations/Cancelled Elective Operations Data,Cancelled elective operations (QMCO),2024,,xlsx,38.1,raw,
QMCO-Annual-CSV-Q4-2024-25-ZUYDV.csv,cancelled_operations,cancelled_operations/Cancelled Elective Operations Data,Cancelled elective operations (QMCO),2024,,csv,60.9,raw,
QMCO-Annual-CSV-Q4-2024-25-ZUYDV.csv,cancelled_operations,,Cancelled elective operations (QMCO),2024,,csv,60.9,raw,
Q1-2025-26-Cancelled-Operations.xlsx,cancelled_operations,cancelled_operations/Cancelled Elective Operations Data,Cancelled elective operations (QMCO),2025,,xlsx,66.9,raw,
Q1-2025-26-Cancelled-Operations.xlsx,cancelled_operations,,Cancelled elective operations (QMCO),2025,,xlsx,66.9,raw,
Q2-2025-26-Cancelled-Operations-revised-85gfd7.xlsx,cancelled_operations,cancelled_operations/Cancelled Elective Operations Data,Cancelled elective operations (QMCO),2025,,xlsx,180.8,raw,
Q2-2025-26-Cancelled-Operations-revised-85gfd7.xlsx,cancelled_operations,,Cancelled elective operations (QMCO),2025,,xlsx,180.8,raw,
Q3-2025-26-Cancelled-Operations-PWdH1.xlsx,cancelled_operations,cancelled_operations/Cancelled Elective Operations Data,Cancelled elective operations (QMCO),2025,,xlsx,180.3,raw,
Q4-2025-26-Cancelled-Operations-wIUSp.xlsx,cancelled_operations,cancelled_operations/Cancelled Elective Operations Data,Cancelled elective operations (QMCO),2025,,xlsx,163.4,raw,
QMCO-Annual-CSV-Q4-2025-26-wWP5g.csv,cancelled_operations,cancelled_operations/Cancelled Elective Operations Data,Cancelled elective operations (QMCO),2025,,csv,68.6,raw,
QMCO-Annual-CSV-Q4-2025-26-wWP5g.csv,cancelled_operations,,Cancelled elective operations (QMCO),2025,,csv,68.6,raw,
QMCO-Timeseries-Q4-2025-26-wIUSp.xlsx,cancelled_operations,cancelled_operations/Cancelled Elective Operations Data,Cancelled elective operations (QMCO),2025,,xlsx,28.2,raw,
QMCO-Timeseries-Q4-2025-26-wIUSp.xlsx,cancelled_operations,,Cancelled elective operations (QMCO),2025,,xlsx,28.2,raw,
DM01-APRIL-2025-full-extract_M0N7G.zip,diagnostics,diagnostics/Monthly-Diagnostics-April-2025,Monthly Diagnostics waiting times (DM01),2025-04,Q1 2025/26,zip,1253.2,raw,
Monthly-Diagnostics-Web-File-Commissioner-April-2025_M0N7G.xls,diagnostics,diagnostics/Monthly-Diagnostics-April-2025,Monthly Diagnostics waiting times (DM01),2025-04,Q1 2025/26,xls,1101.5,raw,
Monthly-Diagnostics-Web-File-Provider-April-2025_M0N7G.xls,diagnostics,diagnostics/Monthly-Diagnostics-April-2025,Monthly Diagnostics waiting times (DM01),2025-04,Q1 2025/26,xls,1085.5,raw,
DM01-MAY-2025-full-extract_M0N7G.zip,diagnostics,diagnostics/Monthly-Diagnostics-May-2025,Monthly Diagnostics waiting times (DM01),2025-05,Q1 2025/26,zip,1264.4,raw,
Monthly-Diagnostics-Web-File-Commissioner-May-2025_M0N7G.xls,diagnostics,diagnostics/Monthly-Diagnostics-May-2025,Monthly Diagnostics waiting times (DM01),2025-05,Q1 2025/26,xls,1107.0,raw,
Monthly-Diagnostics-Web-File-Provider-May-2025_M0N7G.xls,diagnostics,diagnostics/Monthly-Diagnostics-May-2025,Monthly Diagnostics waiting times (DM01),2025-05,Q1 2025/26,xls,1087.5,raw,
DM01-JUNE-2025-full-extract_M0N7G.zip,diagnostics,diagnostics/Monthly-Diagnostics-June-2025,Monthly Diagnostics waiting times (DM01),2025-06,Q1 2025/26,zip,1268.6,raw,
Monthly-Diagnostics-Web-File-Commissioner-June-2025_M0N7G.xls,diagnostics,diagnostics/Monthly-Diagnostics-June-2025,Monthly Diagnostics waiting times (DM01),2025-06,Q1 2025/26,xls,1105.5,raw,
Monthly-Diagnostics-Web-File-Provider-June-2025_M0N7G.xls,diagnostics,diagnostics/Monthly-Diagnostics-June-2025,Monthly Diagnostics waiting times (DM01),2025-06,Q1 2025/26,xls,1084.5,raw,
DM01-JULY-2025-full-extract_M0N7G.zip,diagnostics,diagnostics/Monthly-Diagnostics-July-2025,Monthly Diagnostics waiting times (DM01),2025-07,Q2 2025/26,zip,1303.1,raw,
Monthly-Diagnostics-Web-File-Commissioner-July-2025_M0N7G.xls,diagnostics,diagnostics/Monthly-Diagnostics-July-2025,Monthly Diagnostics waiting times (DM01),2025-07,Q2 2025/26,xls,1107.0,raw,
Monthly-Diagnostics-Web-File-Provider-July-2025_M0N7G.xls,diagnostics,diagnostics/Monthly-Diagnostics-July-2025,Monthly Diagnostics waiting times (DM01),2025-07,Q2 2025/26,xls,1082.5,raw,
DM01-AUGUST-2025-full-extract_M0N7G.zip,diagnostics,diagnostics/Monthly-Diagnostics-August-2025,Monthly Diagnostics waiting times (DM01),2025-08,Q2 2025/26,zip,1287.2,raw,
Monthly-Diagnostics-Web-File-Commissioner-August-2025_M0N7G.xls,diagnostics,diagnostics/Monthly-Diagnostics-August-2025,Monthly Diagnostics waiting times (DM01),2025-08,Q2 2025/26,xls,1100.0,raw,
Monthly-Diagnostics-Web-File-Provider-August-2025_M0N7G.xls,diagnostics,diagnostics/Monthly-Diagnostics-August-2025,Monthly Diagnostics waiting times (DM01),2025-08,Q2 2025/26,xls,1085.5,raw,
DM01-SEPTEMBER-2025-full-extract_M0NX3.zip,diagnostics,diagnostics/Monthly-Diagnostics-September-2025,Monthly Diagnostics waiting times (DM01),2025-09,Q2 2025/26,zip,1230.4,raw,
Monthly-Diagnostics-Web-File-Commissioner-September-2025_M0NX3.xls,diagnostics,diagnostics/Monthly-Diagnostics-September-2025,Monthly Diagnostics waiting times (DM01),2025-09,Q2 2025/26,xls,1099.5,raw,
Monthly-Diagnostics-Web-File-Provider-September-2025_M0NX3.xls,diagnostics,diagnostics/Monthly-Diagnostics-September-2025,Monthly Diagnostics waiting times (DM01),2025-09,Q2 2025/26,xls,1080.0,raw,
DM01-OCTOBER-2025-full-extract_F5GI8.zip,diagnostics,diagnostics/Monthly-Diagnostics-October-2025,Monthly Diagnostics waiting times (DM01),2025-10,Q3 2025/26,zip,1260.8,raw,
Monthly-Diagnostics-Web-File-Commissioner-October-2025_F5GI8.xls,diagnostics,diagnostics/Monthly-Diagnostics-October-2025,Monthly Diagnostics waiting times (DM01),2025-10,Q3 2025/26,xls,1101.5,raw,
Monthly-Diagnostics-Web-File-Provider-October-2025_F5GI8.xls,diagnostics,diagnostics/Monthly-Diagnostics-October-2025,Monthly Diagnostics waiting times (DM01),2025-10,Q3 2025/26,xls,1090.0,raw,
DM01-NOVEMBER-2025-full-extract_8HM0N.zip,diagnostics,diagnostics/Monthly-Diagnostics-November-2025,Monthly Diagnostics waiting times (DM01),2025-11,Q3 2025/26,zip,1227.9,raw,
Monthly-Diagnostics-Web-File-Commissioner-November-2025_8HM0N.xls,diagnostics,diagnostics/Monthly-Diagnostics-November-2025,Monthly Diagnostics waiting times (DM01),2025-11,Q3 2025/26,xls,1103.0,raw,
Monthly-Diagnostics-Web-File-Provider-November-2025_8HM0N.xls,diagnostics,diagnostics/Monthly-Diagnostics-November-2025,Monthly Diagnostics waiting times (DM01),2025-11,Q3 2025/26,xls,1084.5,raw,
DM01-DECEMBER-2025-full-extract_EDNKH.zip,diagnostics,diagnostics/Monthly-Diagnostics-December-2025,Monthly Diagnostics waiting times (DM01),2025-12,Q3 2025/26,zip,1263.5,raw,
Monthly-Diagnostics-Web-File-Commissioner-December-2025_EDNKH.xls,diagnostics,diagnostics/Monthly-Diagnostics-December-2025,Monthly Diagnostics waiting times (DM01),2025-12,Q3 2025/26,xls,1100.5,raw,
Monthly-Diagnostics-Web-File-Provider-December-2025_EDNKH.xls,diagnostics,diagnostics/Monthly-Diagnostics-December-2025,Monthly Diagnostics waiting times (DM01),2025-12,Q3 2025/26,xls,1082.5,raw,
DM01-JANUARY-2026-full-extract_42P3N.zip,diagnostics,diagnostics/Monthly-Diagnostics-January-2026,Monthly Diagnostics waiting times (DM01),2026-01,Q4 2025/26,zip,1245.2,raw,
Monthly-Diagnostics-Web-File-Commissioner-January-2026_42PEN.xls,diagnostics,diagnostics/Monthly-Diagnostics-January-2026,Monthly Diagnostics waiting times (DM01),2026-01,Q4 2025/26,xls,1102.5,raw,
Monthly-Diagnostics-Web-File-Provider-January-2026_42P3N.xls,diagnostics,diagnostics/Monthly-Diagnostics-January-2026,Monthly Diagnostics waiting times (DM01),2026-01,Q4 2025/26,xls,1086.0,raw,
DM01-FEBRUARY-2026-full-extract_M0N7G.zip,diagnostics,diagnostics/Monthly-Diagnostics-February-2026,Monthly Diagnostics waiting times (DM01),2026-02,Q4 2025/26,zip,1234.1,raw,
Monthly-Diagnostics-Web-File-Commissioner-February-2026_M0N7G.xls,diagnostics,diagnostics/Monthly-Diagnostics-February-2026,Monthly Diagnostics waiting times (DM01),2026-02,Q4 2025/26,xls,1102.5,raw,
Monthly-Diagnostics-Web-File-Provider-February-2026_M0N7G.xls,diagnostics,diagnostics/Monthly-Diagnostics-February-2026,Monthly Diagnostics waiting times (DM01),2026-02,Q4 2025/26,xls,1085.5,raw,
DM01-MARCH-2026-full-extract_32W3L.zip,diagnostics,diagnostics/Monthly-Diagnostics-March-2026,Monthly Diagnostics waiting times (DM01),2026-03,Q4 2025/26,zip,1280.4,raw,
Monthly-Diagnostics-Web-File-Commissioner-March-2026_32W3L.xls,diagnostics,diagnostics/Monthly-Diagnostics-March-2026,Monthly Diagnostics waiting times (DM01),2026-03,Q4 2025/26,xls,1100.5,raw,
Monthly-Diagnostics-Web-File-Provider-March-2026_32W3L.xls,diagnostics,diagnostics/Monthly-Diagnostics-March-2026,Monthly Diagnostics waiting times (DM01),2026-03,Q4 2025/26,xls,1087.5,raw,
DM01-APRIL-2026-full-extract.zip,diagnostics,diagnostics/Monthly-Diagnostics-April-2026,Monthly Diagnostics waiting times (DM01),2026-04,Q1 2026/27,zip,1230.9,raw,
Monthly-Diagnostics-Web-File-Commissioner-April-2026.xls,diagnostics,diagnostics/Monthly-Diagnostics-April-2026,Monthly Diagnostics waiting times (DM01),2026-04,Q1 2026/27,xls,1073.5,raw,
Monthly-Diagnostics-Web-File-Provider-April-2026.xls,diagnostics,diagnostics/Monthly-Diagnostics-April-2026,Monthly Diagnostics waiting times (DM01),2026-04,Q1 2026/27,xls,1084.0,raw,
Monthly-Diagnostics-Web-File-Timeseries-April-2026.xls,diagnostics,diagnostics/Monthly-Diagnostics-April-2026,Monthly Diagnostics waiting times (DM01),2026-04,Q1 2026/27,xls,453.5,raw,
File_1_-_IMD2019_Index_of_Multiple_Deprivation.xlsx,imd,,Index of Multiple Deprivation 2019,,,xlsx,1399.8,raw,
File_2_-_IoD2019_Domains_of_Deprivation.xlsx,imd,,Index of Multiple Deprivation 2019,,,xlsx,4125.9,raw,
The percentage of households containing multiple ethnic groups varies by local authority.xlsx,ons_ethnicity,,ONS / Census ethnicity,,,xlsx,48.3,raw,
"Ethnic minority groups, 2011 and 2021, England and Wales.xlsx",ons_ethnicity,,ONS / Census ethnicity,2011,,xlsx,19.6,raw,
"The percentage of the population in all high-level ethnic groups, excluding “White”, has increased since 2011.xlsx",ons_ethnicity,,ONS / Census ethnicity,2011,,xlsx,19.2,raw,
"Population by ethnic group, 2021, local authorities in England and Wales.xlsx",ons_ethnicity,,ONS / Census ethnicity,2021,,xlsx,98.4,raw,
Figure_1__Revisions_to_higher_geography_population_estimates_are_proportionally_smaller_than_for_output_area_estimates_ (1).csv,ons_population,,ONS mid-year population estimates,,,csv,1.4,raw,
Underlying datasheets for the population of the UK by individual country.xls,ons_population,,ONS mid-year population estimates,,,xls,4158.5,raw,
"Mid-Year Population Estimates, England and Wales, June 2024.xlsx",ons_population,,ONS mid-year population estimates,2024-06,Q1 2024/25,xlsx,19907.5,raw,
Operating-Theatres-Q1-2016-17-04532-1.xlsx,operating_theatres,operating_theatres/Operating-Theatres-2016-17,Operating theatres quarterly,2016,,xlsx,45.0,raw,
Operating-Theatres-Q3-1617-39848.xlsx,operating_theatres,operating_theatres/Operating-Theatres-2016-17,Operating theatres quarterly,2016,,xlsx,46.9,raw,
Operating-Theatres-Q4-1617-54234.xlsx,operating_theatres,operating_theatres/Operating-Theatres-2016-17,Operating theatres quarterly,2016,,xlsx,44.8,raw,
Operating-Theatres-q2-fgbdr.xlsx,operating_theatres,operating_theatres/Operating-Theatres-2016-17,Operating theatres quarterly,2016,,xlsx,45.0,raw,
Operating-Theatres-Q1-2017-18-59467.xlsx,operating_theatres,operating_theatres/Operating-Theatres-2017-18,Operating theatres quarterly,2017,,xlsx,45.5,raw,
Operating-Theatres-Q2-2017-18-53762.xlsx,operating_theatres,operating_theatres/Operating-Theatres-2017-18,Operating theatres quarterly,2017,,xlsx,44.7,raw,
Q3-2017-18-Operating-Theatres-63862-1.xlsx,operating_theatres,operating_theatres/Operating-Theatres-2017-18,Operating theatres quarterly,2017,,xlsx,45.3,raw,
Q4-2017-18-Operating-Theatres-63863.xlsx,operating_theatres,operating_theatres/Operating-Theatres-2017-18,Operating theatres quarterly,2017,,xlsx,45.6,raw,
Operating-Theatres-Q4-2018-19-okjDs8.xlsx,operating_theatres,operating_theatres/Operating-Theatres-2018-19,Operating theatres quarterly,2018,,xlsx,44.1,raw,
Q1-2018-19-Operating-Theatres-46KB.xlsx,operating_theatres,operating_theatres/Operating-Theatres-2018-19,Operating theatres quarterly,2018,,xlsx,45.6,raw,
Q2-2018-19-Operating-Theatres-revised-09.05.2019-LTUYO-.xlsx,operating_theatres,operating_theatres/Operating-Theatres-2018-19,Operating theatres quarterly,2018,,xlsx,44.4,raw,
Q3-2018-19-Operating-Theatres-revised-09.05.2019-NMADA-.xlsx,operating_theatres,operating_theatres/Operating-Theatres-2018-19,Operating theatres quarterly,2018,,xlsx,44.3,raw,
Operating-Theatres-Q1-2019-20-okjDs8.xlsx,operating_theatres,operating_theatres/Operating-Theatres-2019-20,Operating theatres quarterly,2019,,xlsx,44.0,raw,
Operating-Theatres-Q2-2019-20-okjDs8.xlsx,operating_theatres,operating_theatres/Operating-Theatres-2019-20,Operating theatres quarterly,2019,,xlsx,44.1,raw,
Operating-Theatres-Q3-2019-20-4hiU8.xlsx,operating_theatres,operating_theatres/Operating-Theatres-2019-20,Operating theatres quarterly,2019,,xlsx,44.0,raw,
Q3-2021-22-Operating-Theatres-0CWDA.xlsx,operating_theatres,operating_theatres/2021-22-Operating-Theatres,Operating theatres quarterly,2021,,xlsx,48.6,raw,
Q4-2021-22-Operating-Theatres-20230511-YUIOP.xlsx,operating_theatres,operating_theatres/2021-22-Operating-Theatres,Operating theatres quarterly,2021,,xlsx,56.9,raw,
Q1-2022-23-Operating-Theatres-20230511-YUIOP.xlsx,operating_theatres,operating_theatres/2022-23-Operating-Theatres,Operating theatres quarterly,2022,,xlsx,56.7,raw,
Q2-2022-23-Operating-Theatres-BFR23.xlsx,operating_theatres,operating_theatres/2022-23-Operating-Theatres,Operating theatres quarterly,2022,,xlsx,48.6,raw,
Q3-2022-23-Operating-Theatres-WE8JL.xlsx,operating_theatres,operating_theatres/2022-23-Operating-Theatres,Operating theatres quarterly,2022,,xlsx,56.8,raw,
Q4-2022-23-Operating-Theatres-TGJKU.xlsx,operating_theatres,operating_theatres/2022-23-Operating-Theatres,Operating theatres quarterly,2022,,xlsx,57.2,raw,
Q1-2023-24-Operating-Theatres-BREFQ.xlsx,operating_theatres,operating_theatres/2023-24-Operating-Theatres,Operating theatres quarterly,2023,,xlsx,32.9,raw,
Q2-2023-24-Operating-Theatres-AGHUY.xlsx,operating_theatres,operating_theatres/2023-24-Operating-Theatres,Operating theatres quarterly,2023,,xlsx,63.3,raw,
Q3-2023-24-Operating-Theatres-AGHET-1.xlsx,operating_theatres,operating_theatres/2023-24-Operating-Theatres,Operating theatres quarterly,2023,,xlsx,66.8,raw,
Q4-2023-24-Operating-Theatres-WCHYT-3.xlsx,operating_theatres,operating_theatres/2023-24-Operating-Theatres,Operating theatres quarterly,2023,,xlsx,63.8,raw,
Q1-2024-25-Operating-Theatres-WCAYT.xlsx,operating_theatres,operating_theatres/2024-25-Operating-Theatres,Operating theatres quarterly,2024,,xlsx,59.0,raw,
Q2-2024-25-Operating-Theatres.xlsx,operating_theatres,operating_theatres/2024-25-Operating-Theatres,Operating theatres quarterly,2024,,xlsx,30.0,raw,
Q3-2024-25-Operating-Theatres-33768-v2.xlsx,operating_theatres,operating_theatres/2024-25-Operating-Theatres,Operating theatres quarterly,2024,,xlsx,55.7,raw,
Q4-2024-25-Operating-Theatres-1.xlsx,operating_theatres,operating_theatres/2024-25-Operating-Theatres,Operating theatres quarterly,2024,,xlsx,30.3,raw,
Q1-2025-26-Operating-Theatres.xlsx,operating_theatres,operating_theatres/2025-26-Operating-Theatres,Operating theatres quarterly,2025,,xlsx,63.7,raw,
Q1-2025-26-Operating-Theatres.xlsx,operating_theatres,,Operating theatres quarterly,2025,,xlsx,63.7,raw,
Q2-2025-26-Operating-Theatres-75888.xlsx,operating_theatres,operating_theatres/2025-26-Operating-Theatres,Operating theatres quarterly,2025,,xlsx,24.7,raw,
Q3-2025-26-Operating-Theatres-PWdH1.xlsx,operating_theatres,operating_theatres/2025-26-Operating-Theatres,Operating theatres quarterly,2025,,xlsx,24.3,raw,
Q4-2025-26-Operating-Theatres-wIUSp.xlsx,operating_theatres,operating_theatres/2025-26-Operating-Theatres,Operating theatres quarterly,2025,,xlsx,24.6,raw,
Admitted-Commissioner-Apr25-XLSX-2M-revised.xlsx,rtt,rtt/RTT REFERAL 2025-2026/April 2025 data,RTT referral-to-treatment (NHS England),2025-04,Q1 2025/26,xlsx,1908.6,raw,
Admitted-Provider-Apr25-XLSX-4M-revised.xlsx,rtt,rtt/RTT REFERAL 2025-2026/April 2025 data,RTT referral-to-treatment (NHS England),2025-04,Q1 2025/26,xlsx,4393.4,raw,
Full-CSV-data-file-Apr25-ZIP-4M-revised.zip,rtt,rtt/RTT REFERAL 2025-2026/April 2025 data,RTT referral-to-treatment (NHS England),2025-04,Q1 2025/26,zip,3572.5,raw,
Incomplete-Commissioner-Apr25-XLSX-4M-revised.xlsx,rtt,rtt/RTT REFERAL 2025-2026/April 2025 data,RTT referral-to-treatment (NHS England),2025-04,Q1 2025/26,xlsx,4304.5,raw,
Incomplete-Provider-Apr25-XLSX-9M-revised.xlsx,rtt,rtt/RTT REFERAL 2025-2026/April 2025 data,RTT referral-to-treatment (NHS England),2025-04,Q1 2025/26,xlsx,8974.8,raw,
New-Periods-Commissioner-Apr25-XLSX-157K-revised.xlsx,rtt,rtt/RTT REFERAL 2025-2026/April 2025 data,RTT referral-to-treatment (NHS England),2025-04,Q1 2025/26,xlsx,156.6,raw,
New-Periods-Provider-Apr25-XLSX-350K-revised.xlsx,rtt,rtt/RTT REFERAL 2025-2026/April 2025 data,RTT referral-to-treatment (NHS England),2025-04,Q1 2025/26,xlsx,349.6,raw,
NonAdmitted-Commissioner-Apr25-XLSX-2M-revised.xlsx,rtt,rtt/RTT REFERAL 2025-2026/April 2025 data,RTT referral-to-treatment (NHS England),2025-04,Q1 2025/26,xlsx,2031.6,raw,
NonAdmitted-Provider-Apr25-XLSX-4M-revised.xlsx,rtt,rtt/RTT REFERAL 2025-2026/April 2025 data,RTT referral-to-treatment (NHS England),2025-04,Q1 2025/26,xlsx,4430.0,raw,
Admitted-Commissioner-May25-XLSX-2M-revised.xlsx,rtt,rtt/RTT REFERAL 2025-2026/May 2025 data,RTT referral-to-treatment (NHS England),2025-05,Q1 2025/26,xlsx,1911.8,raw,
Admitted-Provider-May25-XLSX-4M-revised.xlsx,rtt,rtt/RTT REFERAL 2025-2026/May 2025 data,RTT referral-to-treatment (NHS England),2025-05,Q1 2025/26,xlsx,4383.9,raw,
Full-CSV-data-file-May25-ZIP-4M-revised.zip,rtt,rtt/RTT REFERAL 2025-2026/May 2025 data,RTT referral-to-treatment (NHS England),2025-05,Q1 2025/26,zip,3550.4,raw,
Incomplete-Commissioner-May25-XLSX-4M-revised.xlsx,rtt,rtt/RTT REFERAL 2025-2026/May 2025 data,RTT referral-to-treatment (NHS England),2025-05,Q1 2025/26,xlsx,4302.7,raw,
Incomplete-Provider-May25-XLSX-9M-revised.xlsx,rtt,rtt/RTT REFERAL 2025-2026/May 2025 data,RTT referral-to-treatment (NHS England),2025-05,Q1 2025/26,xlsx,8956.8,raw,
New-Periods-Commissioner-May25-XLSX-157K-revised.xlsx,rtt,rtt/RTT REFERAL 2025-2026/May 2025 data,RTT referral-to-treatment (NHS England),2025-05,Q1 2025/26,xlsx,156.5,raw,
New-Periods-Provider-May25-XLSX-349K-revised.xlsx,rtt,rtt/RTT REFERAL 2025-2026/May 2025 data,RTT referral-to-treatment (NHS England),2025-05,Q1 2025/26,xlsx,348.8,raw,
NonAdmitted-Commissioner-May25-XLSX-2M-revised.xlsx,rtt,rtt/RTT REFERAL 2025-2026/May 2025 data,RTT referral-to-treatment (NHS England),2025-05,Q1 2025/26,xlsx,2034.9,raw,
NonAdmitted-Provider-May25-XLSX-4M-revised.xlsx,rtt,rtt/RTT REFERAL 2025-2026/May 2025 data,RTT referral-to-treatment (NHS England),2025-05,Q1 2025/26,xlsx,4422.9,raw,
Admitted-Commissioner-Jun25-XLSX-2M-revised.xlsx,rtt,rtt/RTT REFERAL 2025-2026/June 2025 data,RTT referral-to-treatment (NHS England),2025-06,Q1 2025/26,xlsx,1914.3,raw,
Admitted-Provider-Jun25-XLSX-4M-revised.xlsx,rtt,rtt/RTT REFERAL 2025-2026/June 2025 data,RTT referral-to-treatment (NHS England),2025-06,Q1 2025/26,xlsx,4411.0,raw,
Full-CSV-data-file-Jun25-ZIP-4M-revised.zip,rtt,rtt/RTT REFERAL 2025-2026/June 2025 data,RTT referral-to-treatment (NHS England),2025-06,Q1 2025/26,zip,3590.6,raw,
Incomplete-Commissioner-Jun25-XLSX-4M-revised.xlsx,rtt,rtt/RTT REFERAL 2025-2026/June 2025 data,RTT referral-to-treatment (NHS England),2025-06,Q1 2025/26,xlsx,4297.1,raw,
Incomplete-Provider-Jun25-XLSX-9M-revised.xlsx,rtt,rtt/RTT REFERAL 2025-2026/June 2025 data,RTT referral-to-treatment (NHS England),2025-06,Q1 2025/26,xlsx,9009.3,raw,
New-Periods-Commissioner-Jun25-XLSX-157K-revised.xlsx,rtt,rtt/RTT REFERAL 2025-2026/June 2025 data,RTT referral-to-treatment (NHS England),2025-06,Q1 2025/26,xlsx,156.4,raw,
New-Periods-Provider-Jun25-XLSX-351K-revised.xlsx,rtt,rtt/RTT REFERAL 2025-2026/June 2025 data,RTT referral-to-treatment (NHS England),2025-06,Q1 2025/26,xlsx,350.9,raw,
NonAdmitted-Commissioner-Jun25-XLSX-2M-revised.xlsx,rtt,rtt/RTT REFERAL 2025-2026/June 2025 data,RTT referral-to-treatment (NHS England),2025-06,Q1 2025/26,xlsx,2037.7,raw,
NonAdmitted-Provider-Jun25-XLSX-4M-revised.xlsx,rtt,rtt/RTT REFERAL 2025-2026/June 2025 data,RTT referral-to-treatment (NHS England),2025-06,Q1 2025/26,xlsx,4452.7,raw,
Admitted-Commissioner-Jul25-XLSX-2M-revised-2 (1).xlsx,rtt,rtt/RTT REFERAL 2025-2026/July 2025 data,RTT referral-to-treatment (NHS England),2025-07,Q2 2025/26,xlsx,1912.5,raw,
Admitted-Provider-Jul25-XLSX-4M-revised-2 (1).xlsx,rtt,rtt/RTT REFERAL 2025-2026/July 2025 data,RTT referral-to-treatment (NHS England),2025-07,Q2 2025/26,xlsx,4412.2,raw,
Full-CSV-data-file-Jul25-ZIP-4M-revised-2.zip,rtt,rtt/RTT REFERAL 2025-2026/July 2025 data,RTT referral-to-treatment (NHS England),2025-07,Q2 2025/26,zip,3584.3,raw,
Incomplete-Commissioner-Jul25-XLSX-4M-revised-2 (1).xlsx,rtt,rtt/RTT REFERAL 2025-2026/July 2025 data,RTT referral-to-treatment (NHS England),2025-07,Q2 2025/26,xlsx,4292.0,raw,
Incomplete-Provider-Jul25-XLSX-9M-revised-2 (1).xlsx,rtt,rtt/RTT REFERAL 2025-2026/July 2025 data,RTT referral-to-treatment (NHS England),2025-07,Q2 2025/26,xlsx,9002.1,raw,
New-Periods-Commissioner-Jul25-XLSX-157K-revised-2 (1).xlsx,rtt,rtt/RTT REFERAL 2025-2026/July 2025 data,RTT referral-to-treatment (NHS England),2025-07,Q2 2025/26,xlsx,156.6,raw,
New-Periods-Provider-Jul25-XLSX-351K-revised-2 (1).xlsx,rtt,rtt/RTT REFERAL 2025-2026/July 2025 data,RTT referral-to-treatment (NHS England),2025-07,Q2 2025/26,xlsx,350.5,raw,
NonAdmitted-Commissioner-Jul25-XLSX-2M-revised-2 (1).xlsx,rtt,rtt/RTT REFERAL 2025-2026/July 2025 data,RTT referral-to-treatment (NHS England),2025-07,Q2 2025/26,xlsx,2040.6,raw,
NonAdmitted-Provider-Jul25-XLSX-4M-revised-2 (1).xlsx,rtt,rtt/RTT REFERAL 2025-2026/July 2025 data,RTT referral-to-treatment (NHS England),2025-07,Q2 2025/26,xlsx,4455.4,raw,
Admitted-Commissioner-Aug25-XLSX-2M-revised-2.xlsx,rtt,rtt/RTT REFERAL 2025-2026/Aug 2025 data,RTT referral-to-treatment (NHS England),2025-08,Q2 2025/26,xlsx,1900.9,raw,
Admitted-Provider-Aug25-XLSX-4M-revised-2.xlsx,rtt,rtt/RTT REFERAL 2025-2026/Aug 2025 data,RTT referral-to-treatment (NHS England),2025-08,Q2 2025/26,xlsx,4418.9,raw,
Full-CSV-data-file-Aug25-ZIP-4M-revised-2.zip,rtt,rtt/RTT REFERAL 2025-2026/Aug 2025 data,RTT referral-to-treatment (NHS England),2025-08,Q2 2025/26,zip,3481.1,raw,
Incomplete-Commissioner-Aug25-XLSX-4M-revised-2.xlsx,rtt,rtt/RTT REFERAL 2025-2026/Aug 2025 data,RTT referral-to-treatment (NHS England),2025-08,Q2 2025/26,xlsx,4291.5,raw,
Incomplete-Provider-Aug25-XLSX-9M-revised-2.xlsx,rtt,rtt/RTT REFERAL 2025-2026/Aug 2025 data,RTT referral-to-treatment (NHS England),2025-08,Q2 2025/26,xlsx,9037.1,raw,
New-Periods-Commissioner-Aug25-XLSX-157K-revised-2.xlsx,rtt,rtt/RTT REFERAL 2025-2026/Aug 2025 data,RTT referral-to-treatment (NHS England),2025-08,Q2 2025/26,xlsx,156.5,raw,
New-Periods-Provider-Aug25-XLSX-352K-revised-2.xlsx,rtt,rtt/RTT REFERAL 2025-2026/Aug 2025 data,RTT referral-to-treatment (NHS England),2025-08,Q2 2025/26,xlsx,352.0,raw,
NonAdmitted-Commissioner-Aug25-XLSX-2M-revised-2.xlsx,rtt,rtt/RTT REFERAL 2025-2026/Aug 2025 data,RTT referral-to-treatment (NHS England),2025-08,Q2 2025/26,xlsx,2023.4,raw,
NonAdmitted-Provider-Aug25-XLSX-4M-revised-2.xlsx,rtt,rtt/RTT REFERAL 2025-2026/Aug 2025 data,RTT referral-to-treatment (NHS England),2025-08,Q2 2025/26,xlsx,4453.7,raw,
Admitted-Commissioner-Sep25-XLSX-2M-revised.xlsx,rtt,rtt/RTT REFERAL 2025-2026/Sept 2025 data,RTT referral-to-treatment (NHS England),2025-09,Q2 2025/26,xlsx,1912.9,raw,
Admitted-Provider-Sep25-XLSX-4M-revised.xlsx,rtt,rtt/RTT REFERAL 2025-2026/Sept 2025 data,RTT referral-to-treatment (NHS England),2025-09,Q2 2025/26,xlsx,4440.1,raw,
Full-CSV-data-file-Sep25-ZIP-4M-revised.zip,rtt,rtt/RTT REFERAL 2025-2026/Sept 2025 data,RTT referral-to-treatment (NHS England),2025-09,Q2 2025/26,zip,3600.3,raw,
Incomplete-Commissioner-Sep25-XLSX-4M-revised.xlsx,rtt,rtt/RTT REFERAL 2025-2026/Sept 2025 data,RTT referral-to-treatment (NHS England),2025-09,Q2 2025/26,xlsx,4290.6,raw,
Incomplete-Provider-Sep25-XLSX-9M-revised.xlsx,rtt,rtt/RTT REFERAL 2025-2026/Sept 2025 data,RTT referral-to-treatment (NHS England),2025-09,Q2 2025/26,xlsx,9058.9,raw,
New-Periods-Commissioner-Sep25-XLSX-157K-revised.xlsx,rtt,rtt/RTT REFERAL 2025-2026/Sept 2025 data,RTT referral-to-treatment (NHS England),2025-09,Q2 2025/26,xlsx,156.8,raw,
New-Periods-Provider-Sep25-XLSX-353K-revised.xlsx,rtt,rtt/RTT REFERAL 2025-2026/Sept 2025 data,RTT referral-to-treatment (NHS England),2025-09,Q2 2025/26,xlsx,352.9,raw,
NonAdmitted-Commissioner-Sep25-XLSX-2M-revised.xlsx,rtt,rtt/RTT REFERAL 2025-2026/Sept 2025 data,RTT referral-to-treatment (NHS England),2025-09,Q2 2025/26,xlsx,2041.0,raw,
NonAdmitted-Provider-Sep25-XLSX-4M-revised.xlsx,rtt,rtt/RTT REFERAL 2025-2026/Sept 2025 data,RTT referral-to-treatment (NHS England),2025-09,Q2 2025/26,xlsx,4478.9,raw,
Admitted-Commissioner-Oct25-XLSX-2M-SrRW6y.xlsx,rtt,rtt/RTT REFERAL 2025-2026/Oct 2025 data,RTT referral-to-treatment (NHS England),2025-10,Q3 2025/26,xlsx,1914.9,raw,
Admitted-Provider-Oct25-XLSX-4M-SrRW6y.xlsx,rtt,rtt/RTT REFERAL 2025-2026/Oct 2025 data,RTT referral-to-treatment (NHS England),2025-10,Q3 2025/26,xlsx,4459.0,raw,
Full-CSV-data-file-Oct25-ZIP-4M-SrRW6y.zip,rtt,rtt/RTT REFERAL 2025-2026/Oct 2025 data,RTT referral-to-treatment (NHS England),2025-10,Q3 2025/26,zip,3586.7,raw,
Incomplete-Commissioner-Oct25-XLSX-4M-SrRW6y.xlsx,rtt,rtt/RTT REFERAL 2025-2026/Oct 2025 data,RTT referral-to-treatment (NHS England),2025-10,Q3 2025/26,xlsx,4286.2,raw,
Incomplete-Provider-Oct25-XLSX-9M-SrRW6y.xlsx,rtt,rtt/RTT REFERAL 2025-2026/Oct 2025 data,RTT referral-to-treatment (NHS England),2025-10,Q3 2025/26,xlsx,9089.5,raw,
New-Periods-Commissioner-Oct25-XLSX-157K-SrRW6y.xlsx,rtt,rtt/RTT REFERAL 2025-2026/Oct 2025 data,RTT referral-to-treatment (NHS England),2025-10,Q3 2025/26,xlsx,157.0,raw,
New-Periods-Provider-Oct25-XLSX-355K-SrRW6y.xlsx,rtt,rtt/RTT REFERAL 2025-2026/Oct 2025 data,RTT referral-to-treatment (NHS England),2025-10,Q3 2025/26,xlsx,355.0,raw,
NonAdmitted-Commissioner-Oct25-XLSX-2M-SrRW6y.xlsx,rtt,rtt/RTT REFERAL 2025-2026/Oct 2025 data,RTT referral-to-treatment (NHS England),2025-10,Q3 2025/26,xlsx,2045.6,raw,
NonAdmitted-Provider-Oct25-XLSX-4M-SrRW6y.xlsx,rtt,rtt/RTT REFERAL 2025-2026/Oct 2025 data,RTT referral-to-treatment (NHS England),2025-10,Q3 2025/26,xlsx,4505.2,raw,
Admitted-Commissioner-Nov25-XLSX-2M-1Xmjkk.xlsx,rtt,rtt/RTT REFERAL 2025-2026/Nov 2025 data,RTT referral-to-treatment (NHS England),2025-11,Q3 2025/26,xlsx,1905.1,raw,
Admitted-Provider-Nov25-XLSX-4M-1Xmjkk.xlsx,rtt,rtt/RTT REFERAL 2025-2026/Nov 2025 data,RTT referral-to-treatment (NHS England),2025-11,Q3 2025/26,xlsx,4649.5,raw,
Full-CSV-data-file-Nov25-ZIP-4M-1Xmjkk.zip,rtt,rtt/RTT REFERAL 2025-2026/Nov 2025 data,RTT referral-to-treatment (NHS England),2025-11,Q3 2025/26,zip,3495.5,raw,
Incomplete-Commissioner-Nov25-XLSX-4M-1Xmjkk.xlsx,rtt,rtt/RTT REFERAL 2025-2026/Nov 2025 data,RTT referral-to-treatment (NHS England),2025-11,Q3 2025/26,xlsx,4277.2,raw,
Incomplete-Provider-Nov25-XLSX-9M-1Xmjkk.xlsx,rtt,rtt/RTT REFERAL 2025-2026/Nov 2025 data,RTT referral-to-treatment (NHS England),2025-11,Q3 2025/26,xlsx,9457.3,raw,
New-Periods-Commissioner-Nov25-XLSX-157K-1Xmjkk.xlsx,rtt,rtt/RTT REFERAL 2025-2026/Nov 2025 data,RTT referral-to-treatment (NHS England),2025-11,Q3 2025/26,xlsx,157.0,raw,
New-Periods-Provider-Nov25-XLSX-370K-1Xmjkk.xlsx,rtt,rtt/RTT REFERAL 2025-2026/Nov 2025 data,RTT referral-to-treatment (NHS England),2025-11,Q3 2025/26,xlsx,369.2,raw,
NonAdmitted-Commissioner-Nov25-XLSX-2M-1Xmjkk.xlsx,rtt,rtt/RTT REFERAL 2025-2026/Nov 2025 data,RTT referral-to-treatment (NHS England),2025-11,Q3 2025/26,xlsx,2034.9,raw,
NonAdmitted-Provider-Nov25-XLSX-4M-1Xmjkk.xlsx,rtt,rtt/RTT REFERAL 2025-2026/Nov 2025 data,RTT referral-to-treatment (NHS England),2025-11,Q3 2025/26,xlsx,4688.1,raw,
Admitted-Commissioner-Dec25-XLSX-2M-6jPlxd.xlsx,rtt,rtt/RTT REFERAL 2025-2026/Dec 2025 data,RTT referral-to-treatment (NHS England),2025-12,Q3 2025/26,xlsx,1895.2,raw,
Admitted-Provider-Dec25-XLSX-4M-6jPlxd.xlsx,rtt,rtt/RTT REFERAL 2025-2026/Dec 2025 data,RTT referral-to-treatment (NHS England),2025-12,Q3 2025/26,xlsx,4666.0,raw,
Full-CSV-data-file-Dec25-ZIP-4M-6jPlxd.zip,rtt,rtt/RTT REFERAL 2025-2026/Dec 2025 data,RTT referral-to-treatment (NHS England),2025-12,Q3 2025/26,zip,3496.4,raw,
Incomplete-Commissioner-Dec25-XLSX-4M-6jPlxd.xlsx,rtt,rtt/RTT REFERAL 2025-2026/Dec 2025 data,RTT referral-to-treatment (NHS England),2025-12,Q3 2025/26,xlsx,4276.0,raw,
Incomplete-Provider-Dec25-XLSX-9M-6jPlxd.xlsx,rtt,rtt/RTT REFERAL 2025-2026/Dec 2025 data,RTT referral-to-treatment (NHS England),2025-12,Q3 2025/26,xlsx,9528.0,raw,
New-Periods-Commissioner-Dec25-XLSX-157K-6jPlxd.xlsx,rtt,rtt/RTT REFERAL 2025-2026/Dec 2025 data,RTT referral-to-treatment (NHS England),2025-12,Q3 2025/26,xlsx,156.6,raw,
New-Periods-Provider-Dec25-XLSX-372K-6jPlxd.xlsx,rtt,rtt/RTT REFERAL 2025-2026/Dec 2025 data,RTT referral-to-treatment (NHS England),2025-12,Q3 2025/26,xlsx,371.4,raw,
NonAdmitted-Commissioner-Dec25-XLSX-2M-6jPlxd.xlsx,rtt,rtt/RTT REFERAL 2025-2026/Dec 2025 data,RTT referral-to-treatment (NHS England),2025-12,Q3 2025/26,xlsx,2025.4,raw,
NonAdmitted-Provider-Dec25-XLSX-4M-6jPlxd.xlsx,rtt,rtt/RTT REFERAL 2025-2026/Dec 2025 data,RTT referral-to-treatment (NHS England),2025-12,Q3 2025/26,xlsx,4709.9,raw,
Admitted-Commissioner-Jan26-XLSX-2M-WL5BiP.xlsx,rtt,rtt/RTT REFERAL 2025-2026/Jan 2026 data,RTT referral-to-treatment (NHS England),2026-01,Q4 2025/26,xlsx,1907.2,raw,
Admitted-Provider-Jan26-XLSX-4M-WL5BiP.xlsx,rtt,rtt/RTT REFERAL 2025-2026/Jan 2026 data,RTT referral-to-treatment (NHS England),2026-01,Q4 2025/26,xlsx,4768.3,raw,
Full-CSV-data-file-Jan26-ZIP-4M-WL5BiP.zip,rtt,rtt/RTT REFERAL 2025-2026/Jan 2026 data,RTT referral-to-treatment (NHS England),2026-01,Q4 2025/26,zip,3545.7,raw,
Incomplete-Commissioner-Jan26-XLSX-4M-WL5BiP.xlsx,rtt,rtt/RTT REFERAL 2025-2026/Jan 2026 data,RTT referral-to-treatment (NHS England),2026-01,Q4 2025/26,xlsx,4277.1,raw,
Incomplete-Provider-Jan26-XLSX-9M-WL5BiP.xlsx,rtt,rtt/RTT REFERAL 2025-2026/Jan 2026 data,RTT referral-to-treatment (NHS England),2026-01,Q4 2025/26,xlsx,9708.9,raw,
New-Periods-Commissioner-Jan26-XLSX-158K-WL5BiP.xlsx,rtt,rtt/RTT REFERAL 2025-2026/Jan 2026 data,RTT referral-to-treatment (NHS England),2026-01,Q4 2025/26,xlsx,157.1,raw,
New-Periods-Provider-Jan26-XLSX-379K-WL5BiP.xlsx,rtt,rtt/RTT REFERAL 2025-2026/Jan 2026 data,RTT referral-to-treatment (NHS England),2026-01,Q4 2025/26,xlsx,378.7,raw,
NonAdmitted-Commissioner-Jan26-XLSX-2M-WL5BiP.xlsx,rtt,rtt/RTT REFERAL 2025-2026/Jan 2026 data,RTT referral-to-treatment (NHS England),2026-01,Q4 2025/26,xlsx,2037.1,raw,
NonAdmitted-Provider-Jan26-XLSX-4M-WL5BiP.xlsx,rtt,rtt/RTT REFERAL 2025-2026/Jan 2026 data,RTT referral-to-treatment (NHS England),2026-01,Q4 2025/26,xlsx,4807.8,raw,
Admitted-Commissioner-Feb26-XLSX-2M-9j03fJT.xlsx,rtt,rtt/RTT REFERAL 2025-2026/Feb 2026 data,RTT referral-to-treatment (NHS England),2026-02,Q4 2025/26,xlsx,1900.7,raw,
Admitted-Provider-Feb26-XLSX-4M-9j03fJT.xlsx,rtt,rtt/RTT REFERAL 2025-2026/Feb 2026 data,RTT referral-to-treatment (NHS England),2026-02,Q4 2025/26,xlsx,4748.7,raw,
Full-CSV-data-file-Feb26-ZIP-4M-9j03fJT.zip,rtt,rtt/RTT REFERAL 2025-2026/Feb 2026 data,RTT referral-to-treatment (NHS England),2026-02,Q4 2025/26,zip,3502.7,raw,
Incomplete-Commissioner-Feb26-XLSX-4M-9j03fJT.xlsx,rtt,rtt/RTT REFERAL 2025-2026/Feb 2026 data,RTT referral-to-treatment (NHS England),2026-02,Q4 2025/26,xlsx,4272.4,raw,
Incomplete-Provider-Feb26-XLSX-9M-9j03fJT.xlsx,rtt,rtt/RTT REFERAL 2025-2026/Feb 2026 data,RTT referral-to-treatment (NHS England),2026-02,Q4 2025/26,xlsx,9680.0,raw,
New-Periods-Commissioner-Feb26-XLSX-158K-9j03fJT.xlsx,rtt,rtt/RTT REFERAL 2025-2026/Feb 2026 data,RTT referral-to-treatment (NHS England),2026-02,Q4 2025/26,xlsx,157.7,raw,
New-Periods-Provider-Feb26-XLSX-379K-9j03fJT.xlsx,rtt,rtt/RTT REFERAL 2025-2026/Feb 2026 data,RTT referral-to-treatment (NHS England),2026-02,Q4 2025/26,xlsx,378.6,raw,
NonAdmitted-Commissioner-Feb26-XLSX-2M-9j03fJT.xlsx,rtt,rtt/RTT REFERAL 2025-2026/Feb 2026 data,RTT referral-to-treatment (NHS England),2026-02,Q4 2025/26,xlsx,2031.5,raw,
NonAdmitted-Provider-Feb26-XLSX-4M-9j03fJT.xlsx,rtt,rtt/RTT REFERAL 2025-2026/Feb 2026 data,RTT referral-to-treatment (NHS England),2026-02,Q4 2025/26,xlsx,4786.3,raw,
Admitted-Commissioner-Mar26-XLSX-2M-Dc1i9U.xlsx,rtt,rtt/RTT REFERAL 2025-2026/Mar 2026 data,RTT referral-to-treatment (NHS England),2026-03,Q4 2025/26,xlsx,1909.5,raw,
Admitted-Provider-Mar26-XLSX-4M-Dc1i9U.xlsx,rtt,rtt/RTT REFERAL 2025-2026/Mar 2026 data,RTT referral-to-treatment (NHS England),2026-03,Q4 2025/26,xlsx,4900.7,raw,
Full-CSV-data-file-Mar26-ZIP-4M-Dc1i9U.zip,rtt,rtt/RTT REFERAL 2025-2026/Mar 2026 data,RTT referral-to-treatment (NHS England),2026-03,Q4 2025/26,zip,3535.5,raw,
Incomplete-Commissioner-Mar26-XLSX-4M-Dc1i9U.xlsx,rtt,rtt/RTT REFERAL 2025-2026/Mar 2026 data,RTT referral-to-treatment (NHS England),2026-03,Q4 2025/26,xlsx,4249.8,raw,
Incomplete-Provider-Mar26-XLSX-9M-Dc1i9U.xlsx,rtt,rtt/RTT REFERAL 2025-2026/Mar 2026 data,RTT referral-to-treatment (NHS England),2026-03,Q4 2025/26,xlsx,9945.8,raw,
New-Periods-Commissioner-Mar26-XLSX-150K-Dc1i9U.xlsx,rtt,rtt/RTT REFERAL 2025-2026/Mar 2026 data,RTT referral-to-treatment (NHS England),2026-03,Q4 2025/26,xlsx,157.5,raw,
New-Periods-Provider-Mar26-XLSX-382K-Dc1i9U.xlsx,rtt,rtt/RTT REFERAL 2025-2026/Mar 2026 data,RTT referral-to-treatment (NHS England),2026-03,Q4 2025/26,xlsx,388.5,raw,
NonAdmitted-Commissioner-Mar26-XLSX-2M-Dc1i9U.xlsx,rtt,rtt/RTT REFERAL 2025-2026/Mar 2026 data,RTT referral-to-treatment (NHS England),2026-03,Q4 2025/26,xlsx,2040.7,raw,
NonAdmitted-Provider-Mar26-XLSX-4M-Dc1i9U.xlsx,rtt,rtt/RTT REFERAL 2025-2026/Mar 2026 data,RTT referral-to-treatment (NHS England),2026-03,Q4 2025/26,xlsx,4945.4,raw,
Beds-publication-Timeseries-March-2020-May-2026.xlsx,uec_sitrep,uec_sitrep/Urgent and Emergency Care Daily Situation,Urgent & Emergency Care daily situation report,2020-03,Q4 2019/20,xlsx,73.4,raw,
202003-March-sitrep-data-FINAL.xlsx,uec_sitrep,uec_sitrep/Urgent and Emergency Care Daily Situation/2021-2020-beds-sitrep-data-finalversion,Urgent & Emergency Care daily situation report,2021,,xlsx,40.1,raw,
202004-April-sitrep-data-FINAL.xlsx,uec_sitrep,uec_sitrep/Urgent and Emergency Care Daily Situation/2021-2020-beds-sitrep-data-finalversion,Urgent & Emergency Care daily situation report,2021,,xlsx,39.5,raw,
202005-May-sitrep-data-FINAL.xlsx,uec_sitrep,uec_sitrep/Urgent and Emergency Care Daily Situation/2021-2020-beds-sitrep-data-finalversion,Urgent & Emergency Care daily situation report,2021,,xlsx,37.2,raw,
202006-June-sitrep-data-FINAL.xlsx,uec_sitrep,uec_sitrep/Urgent and Emergency Care Daily Situation/2021-2020-beds-sitrep-data-finalversion,Urgent & Emergency Care daily situation report,2021,,xlsx,33.7,raw,
202007-July-sitrep-data-FINAL.xlsx,uec_sitrep,uec_sitrep/Urgent and Emergency Care Daily Situation/2021-2020-beds-sitrep-data-finalversion,Urgent & Emergency Care daily situation report,2021,,xlsx,33.4,raw,
202008-August-sitrep-data-FINAL.xlsx,uec_sitrep,uec_sitrep/Urgent and Emergency Care Daily Situation/2021-2020-beds-sitrep-data-finalversion,Urgent & Emergency Care daily situation report,2021,,xlsx,33.5,raw,
202009-September-sitrep-data-FINAL.xlsx,uec_sitrep,uec_sitrep/Urgent and Emergency Care Daily Situation/2021-2020-beds-sitrep-data-finalversion,Urgent & Emergency Care daily situation report,2021,,xlsx,33.1,raw,
202010-October-sitrep-data-FINAL.xlsx,uec_sitrep,uec_sitrep/Urgent and Emergency Care Daily Situation/2021-2020-beds-sitrep-data-finalversion,Urgent & Emergency Care daily situation report,2021,,xlsx,33.4,raw,
202011-November-sitrep-data-FINAL.xlsx,uec_sitrep,uec_sitrep/Urgent and Emergency Care Daily Situation/2021-2020-beds-sitrep-data-finalversion,Urgent & Emergency Care daily situation report,2021,,xlsx,33.3,raw,
202012-December-sitrep-data-FINAL.xlsx,uec_sitrep,uec_sitrep/Urgent and Emergency Care Daily Situation/2021-2020-beds-sitrep-data-finalversion,Urgent & Emergency Care daily situation report,2021,,xlsx,62.6,raw,
202101-January-sitrep-data-FINAL.xlsx,uec_sitrep,uec_sitrep/Urgent and Emergency Care Daily Situation/2021-2020-beds-sitrep-data-finalversion,Urgent & Emergency Care daily situation report,2021,,xlsx,62.3,raw,
202102-February-sitrep-data-FINAL.xlsx,uec_sitrep,uec_sitrep/Urgent and Emergency Care Daily Situation/2021-2020-beds-sitrep-data-finalversion,Urgent & Emergency Care daily situation report,2021,,xlsx,62.5,raw,
202103-March-sitrep-data-FINAL.xlsx,uec_sitrep,uec_sitrep/Urgent and Emergency Care Daily Situation/2021-2020-beds-sitrep-data-finalversion,Urgent & Emergency Care daily situation report,2021,,xlsx,62.2,raw,
202104-April-sitrep-data-FINAL.xlsx,uec_sitrep,uec_sitrep/Urgent and Emergency Care Daily Situation/2022-2021-beds-sitrep-data-finalversion,Urgent & Emergency Care daily situation report,2022,,xlsx,63.1,raw,
202105-May-sitrep-data-FINAL.xlsx,uec_sitrep,uec_sitrep/Urgent and Emergency Care Daily Situation/2022-2021-beds-sitrep-data-finalversion,Urgent & Emergency Care daily situation report,2022,,xlsx,60.3,raw,
202106-June-sitrep-data-FINAL.xlsx,uec_sitrep,uec_sitrep/Urgent and Emergency Care Daily Situation/2022-2021-beds-sitrep-data-finalversion,Urgent & Emergency Care daily situation report,2022,,xlsx,61.2,raw,
202107-July-sitrep-data-FINAL.xlsx,uec_sitrep,uec_sitrep/Urgent and Emergency Care Daily Situation/2022-2021-beds-sitrep-data-finalversion,Urgent & Emergency Care daily situation report,2022,,xlsx,60.4,raw,
202108-August-sitrep-data-FINAL.xlsx,uec_sitrep,uec_sitrep/Urgent and Emergency Care Daily Situation/2022-2021-beds-sitrep-data-finalversion,Urgent & Emergency Care daily situation report,2022,,xlsx,60.5,raw,
202109-September-sitrep-data-FINAL.xlsx,uec_sitrep,uec_sitrep/Urgent and Emergency Care Daily Situation/2022-2021-beds-sitrep-data-finalversion,Urgent & Emergency Care daily situation report,2022,,xlsx,58.3,raw,
202110-October-sitrep-data-FINAL.xlsx,uec_sitrep,uec_sitrep/Urgent and Emergency Care Daily Situation/2022-2021-beds-sitrep-data-finalversion,Urgent & Emergency Care daily situation report,2022,,xlsx,58.5,raw,
202111-November-sitrep-data-FINAL.xlsx,uec_sitrep,uec_sitrep/Urgent and Emergency Care Daily Situation/2022-2021-beds-sitrep-data-finalversion,Urgent & Emergency Care daily situation report,2022,,xlsx,58.4,raw,
202112-December-sitrep-data-FINAL.xlsx,uec_sitrep,uec_sitrep/Urgent and Emergency Care Daily Situation/2022-2021-beds-sitrep-data-finalversion,Urgent & Emergency Care daily situation report,2022,,xlsx,58.3,raw,
202201-January-2022-sitrep-data-FINAL.xlsx,uec_sitrep,uec_sitrep/Urgent and Emergency Care Daily Situation/2022-2021-beds-sitrep-data-finalversion,Urgent & Emergency Care daily situation report,2022-01,Q4 2021/22,xlsx,59.1,raw,
202202-February-2022-sitrep-data-FINAL.xlsx,uec_sitrep,uec_sitrep/Urgent and Emergency Care Daily Situation/2022-2021-beds-sitrep-data-finalversion,Urgent & Emergency Care daily situation report,2022-02,Q4 2021/22,xlsx,58.6,raw,
202203-March-2022-sitrep-data-FINAL.xlsx,uec_sitrep,uec_sitrep/Urgent and Emergency Care Daily Situation/2022-2021-beds-sitrep-data-finalversion,Urgent & Emergency Care daily situation report,2022-03,Q4 2021/22,xlsx,58.5,raw,
202204-April-2022-sitrep-data-FINAL.xlsx,uec_sitrep,uec_sitrep/Urgent and Emergency Care Daily Situation/2023-2022-beds-sitrep-data-finalversion,Urgent & Emergency Care daily situation report,2022-04,Q1 2022/23,xlsx,51.5,raw,
202205-May-2022-sitrep-data-FINAL.xlsx,uec_sitrep,uec_sitrep/Urgent and Emergency Care Daily Situation/2023-2022-beds-sitrep-data-finalversion,Urgent & Emergency Care daily situation report,2022-05,Q1 2022/23,xlsx,59.0,raw,
202206-June-2022-sitrep-data-FINAL.xlsx,uec_sitrep,uec_sitrep/Urgent and Emergency Care Daily Situation/2023-2022-beds-sitrep-data-finalversion,Urgent & Emergency Care daily situation report,2022-06,Q1 2022/23,xlsx,56.7,raw,
202207-July-2022-sitrep-data-FINAL.xlsx,uec_sitrep,uec_sitrep/Urgent and Emergency Care Daily Situation/2023-2022-beds-sitrep-data-finalversion,Urgent & Emergency Care daily situation report,2022-07,Q2 2022/23,xlsx,59.9,raw,
202208-August-2022-sitrep-data-FINAL.xlsx,uec_sitrep,uec_sitrep/Urgent and Emergency Care Daily Situation/2023-2022-beds-sitrep-data-finalversion,Urgent & Emergency Care daily situation report,2022-08,Q2 2022/23,xlsx,60.1,raw,
202209-September-2022-sitrep-data-FINAL.xlsx,uec_sitrep,uec_sitrep/Urgent and Emergency Care Daily Situation/2023-2022-beds-sitrep-data-finalversion,Urgent & Emergency Care daily situation report,2022-09,Q2 2022/23,xlsx,59.0,raw,
202210-October-2022-sitrep-data-FINAL-with-covid-voids.xlsx,uec_sitrep,uec_sitrep/Urgent and Emergency Care Daily Situation/2023-2022-beds-sitrep-data-finalversion,Urgent & Emergency Care daily situation report,2022-10,Q3 2022/23,xlsx,68.9,raw,
202211-November-2022-sitrep-data-FINAL.xlsx,uec_sitrep,uec_sitrep/Urgent and Emergency Care Daily Situation/2023-2022-beds-sitrep-data-finalversion,Urgent & Emergency Care daily situation report,2022-11,Q3 2022/23,xlsx,68.1,raw,
202212-December-2022-sitrep-data-FINAL.xlsx,uec_sitrep,uec_sitrep/Urgent and Emergency Care Daily Situation/2023-2022-beds-sitrep-data-finalversion,Urgent & Emergency Care daily situation report,2022-12,Q3 2022/23,xlsx,68.9,raw,
202301-January-2023-sitrep-data-FINAL.xlsx,uec_sitrep,uec_sitrep/Urgent and Emergency Care Daily Situation/2023-2022-beds-sitrep-data-finalversion,Urgent & Emergency Care daily situation report,2023-01,Q4 2022/23,xlsx,68.6,raw,
202302-February-2023-sitrep-data-FINAL.xlsx,uec_sitrep,uec_sitrep/Urgent and Emergency Care Daily Situation/2023-2022-beds-sitrep-data-finalversion,Urgent & Emergency Care daily situation report,2023-02,Q4 2022/23,xlsx,68.2,raw,
202303-March-2023-sitrep-data-FINAL.xlsx,uec_sitrep,uec_sitrep/Urgent and Emergency Care Daily Situation/2023-2022-beds-sitrep-data-finalversion,Urgent & Emergency Care daily situation report,2023-03,Q4 2022/23,xlsx,74.1,raw,
202304-April-2023-sitrep-data-FINAL.xlsx,uec_sitrep,uec_sitrep/Urgent and Emergency Care Daily Situation/2024-2023-beds-sitrep-data-finalversion,Urgent & Emergency Care daily situation report,2023-04,Q1 2023/24,xlsx,67.8,raw,
202305-May-2023-sitrep-data-FINAL.xlsx,uec_sitrep,uec_sitrep/Urgent and Emergency Care Daily Situation/2024-2023-beds-sitrep-data-finalversion,Urgent & Emergency Care daily situation report,2023-05,Q1 2023/24,xlsx,68.4,raw,
202306-June-2023-sitrep-data-FINAL.xlsx,uec_sitrep,uec_sitrep/Urgent and Emergency Care Daily Situation/2024-2023-beds-sitrep-data-finalversion,Urgent & Emergency Care daily situation report,2023-06,Q1 2023/24,xlsx,68.7,raw,
202307-July-2023-sitrep-data-FINAL.xlsx,uec_sitrep,uec_sitrep/Urgent and Emergency Care Daily Situation/2024-2023-beds-sitrep-data-finalversion,Urgent & Emergency Care daily situation report,2023-07,Q2 2023/24,xlsx,71.6,raw,
202308-August-2023-sitrep-data-FINAL-revised-1.xlsx,uec_sitrep,uec_sitrep/Urgent and Emergency Care Daily Situation/2024-2023-beds-sitrep-data-finalversion,Urgent & Emergency Care daily situation report,2023-08,Q2 2023/24,xlsx,140.1,raw,
202309-September-2023-sitrep-data-FINAL-revised-1.xlsx,uec_sitrep,uec_sitrep/Urgent and Emergency Care Daily Situation/2024-2023-beds-sitrep-data-finalversion,Urgent & Emergency Care daily situation report,2023-09,Q2 2023/24,xlsx,132.9,raw,
202310-October-2023-sitrep-data-FINAL-revised-1.xlsx,uec_sitrep,uec_sitrep/Urgent and Emergency Care Daily Situation/2024-2023-beds-sitrep-data-finalversion,Urgent & Emergency Care daily situation report,2023-10,Q3 2023/24,xlsx,135.2,raw,
202311-November-2023-sitrep-data-FINAL-revised-1.xlsx,uec_sitrep,uec_sitrep/Urgent and Emergency Care Daily Situation/2024-2023-beds-sitrep-data-finalversion,Urgent & Emergency Care daily situation report,2023-11,Q3 2023/24,xlsx,134.6,raw,
202312-December-2023-sitrep-data-FINAL-revised-1.xlsx,uec_sitrep,uec_sitrep/Urgent and Emergency Care Daily Situation/2024-2023-beds-sitrep-data-finalversion,Urgent & Emergency Care daily situation report,2023-12,Q3 2023/24,xlsx,133.7,raw,
202401-January-2024-sitrep-data-FINAL-revised-1.xlsx,uec_sitrep,uec_sitrep/Urgent and Emergency Care Daily Situation/2024-2023-beds-sitrep-data-finalversion,Urgent & Emergency Care daily situation report,2024-01,Q4 2023/24,xlsx,130.3,raw,
202402-February-2024-sitrep-data-FINAL-revised-1.xlsx,uec_sitrep,uec_sitrep/Urgent and Emergency Care Daily Situation/2024-2023-beds-sitrep-data-finalversion,Urgent & Emergency Care daily situation report,2024-02,Q4 2023/24,xlsx,131.0,raw,
202403-March-2024-sitrep-data-FINAL-revised-1.xlsx,uec_sitrep,uec_sitrep/Urgent and Emergency Care Daily Situation/2024-2023-beds-sitrep-data-finalversion,Urgent & Emergency Care daily situation report,2024-03,Q4 2023/24,xlsx,131.9,raw,
202404-April-2024-sitrep-data-FINAL-revised.csv,uec_sitrep,uec_sitrep/Urgent and Emergency Care Daily Situation/2025-2024-beds-sitrep-data-finalversion,Urgent & Emergency Care daily situation report,2024-04,Q1 2024/25,csv,1483.6,raw,
202405-May-2024-sitrep-data-FINAL-revised.csv,uec_sitrep,uec_sitrep/Urgent and Emergency Care Daily Situation/2025-2024-beds-sitrep-data-finalversion,Urgent & Emergency Care daily situation report,2024-05,Q1 2024/25,csv,1483.6,raw,
202406-June-2024-beds-sitrep-data-FINAL-revised.csv,uec_sitrep,uec_sitrep/Urgent and Emergency Care Daily Situation/2025-2024-beds-sitrep-data-finalversion,Urgent & Emergency Care daily situation report,2024-06,Q1 2024/25,csv,1438.1,raw,
202407-July-2024-beds-sitrep-data-FINAL-revised.csv,uec_sitrep,uec_sitrep/Urgent and Emergency Care Daily Situation/2025-2024-beds-sitrep-data-finalversion,Urgent & Emergency Care daily situation report,2024-07,Q2 2024/25,csv,1483.6,raw,
202408-August-2024-beds-sitrep-data-FINAL-revised.csv,uec_sitrep,uec_sitrep/Urgent and Emergency Care Daily Situation/2025-2024-beds-sitrep-data-finalversion,Urgent & Emergency Care daily situation report,2024-08,Q2 2024/25,csv,1483.5,raw,
202409-September-2024-beds-sitrep-data-FINAL-revised.csv,uec_sitrep,uec_sitrep/Urgent and Emergency Care Daily Situation/2025-2024-beds-sitrep-data-finalversion,Urgent & Emergency Care daily situation report,2024-09,Q2 2024/25,csv,1483.5,raw,
202410-October-2024-beds-sitrep-data-FINAL-revised.csv,uec_sitrep,uec_sitrep/Urgent and Emergency Care Daily Situation/2025-2024-beds-sitrep-data-finalversion,Urgent & Emergency Care daily situation report,2024-10,Q3 2024/25,csv,1483.9,raw,
202411-November-2024-beds-sitrep-data-FINAL-revised.csv,uec_sitrep,uec_sitrep/Urgent and Emergency Care Daily Situation/2025-2024-beds-sitrep-data-finalversion,Urgent & Emergency Care daily situation report,2024-11,Q3 2024/25,csv,1483.7,raw,
202412-December-2024-beds-sitrep-data-FINAL-revised.csv,uec_sitrep,uec_sitrep/Urgent and Emergency Care Daily Situation/2025-2024-beds-sitrep-data-finalversion,Urgent & Emergency Care daily situation report,2024-12,Q3 2024/25,csv,1412.6,raw,
202501-January-2025-beds-sitrep-data-FINAL-revised.csv,uec_sitrep,uec_sitrep/Urgent and Emergency Care Daily Situation/2025-2024-beds-sitrep-data-finalversion,Urgent & Emergency Care daily situation report,2025-01,Q4 2024/25,csv,1413.7,raw,
202502-February-2025-beds-sitrep-data-FINAL-revised.csv,uec_sitrep,uec_sitrep/Urgent and Emergency Care Daily Situation/2025-2024-beds-sitrep-data-finalversion,Urgent & Emergency Care daily situation report,2025-02,Q4 2024/25,csv,1413.7,raw,
202503-March-2025-beds-sitrep-data-finalversion-v2-CSV.csv,uec_sitrep,uec_sitrep/Urgent and Emergency Care Daily Situation/2025-2024-beds-sitrep-data-finalversion,Urgent & Emergency Care daily situation report,2025-03,Q4 2024/25,csv,1430.5,raw,
202504-April-2025-beds-sitrep-data-finalversion-v2-CSV.csv,uec_sitrep,uec_sitrep/Urgent and Emergency Care Daily Situation/2026-2025-beds-sitrep-data-finalversion,Urgent & Emergency Care daily situation report,2025-04,Q1 2025/26,csv,1430.4,raw,
202505-May-2025-beds-sitrep-data-finalversion-v2-CSV.csv,uec_sitrep,uec_sitrep/Urgent and Emergency Care Daily Situation/2026-2025-beds-sitrep-data-finalversion,Urgent & Emergency Care daily situation report,2025-05,Q1 2025/26,csv,1430.4,raw,
202506-June-2025-beds-sitrep-data-finalversion-v2-CSV.csv,uec_sitrep,uec_sitrep/Urgent and Emergency Care Daily Situation/2026-2025-beds-sitrep-data-finalversion,Urgent & Emergency Care daily situation report,2025-06,Q1 2025/26,csv,1430.3,raw,
202507-July-2025-beds-sitrep-data-finalversion-v2-CSV.csv,uec_sitrep,uec_sitrep/Urgent and Emergency Care Daily Situation/2026-2025-beds-sitrep-data-finalversion,Urgent & Emergency Care daily situation report,2025-07,Q2 2025/26,csv,1430.3,raw,
202508-August-2025-beds-sitrep-data-finalversion-v2-CSV.csv,uec_sitrep,uec_sitrep/Urgent and Emergency Care Daily Situation/2026-2025-beds-sitrep-data-finalversion,Urgent & Emergency Care daily situation report,2025-08,Q2 2025/26,csv,1430.3,raw,
202509-September-2025-beds-sitrep-data-finalversion-v2-CSV.csv,uec_sitrep,uec_sitrep/Urgent and Emergency Care Daily Situation/2026-2025-beds-sitrep-data-finalversion,Urgent & Emergency Care daily situation report,2025-09,Q2 2025/26,csv,1430.3,raw,
202510-October-2025-beds-sitrep-data-finalversion-v2-CSV.csv,uec_sitrep,uec_sitrep/Urgent and Emergency Care Daily Situation/2026-2025-beds-sitrep-data-finalversion,Urgent & Emergency Care daily situation report,2025-10,Q3 2025/26,csv,1430.4,raw,
202511-November-2025-beds-sitrep-data-finalversion-v2-CSV.csv,uec_sitrep,uec_sitrep/Urgent and Emergency Care Daily Situation/2026-2025-beds-sitrep-data-finalversion,Urgent & Emergency Care daily situation report,2025-11,Q3 2025/26,csv,1430.4,raw,
202512-December-2025-beds-sitrep-data-finalversion-v2-CSV.csv,uec_sitrep,uec_sitrep/Urgent and Emergency Care Daily Situation/2026-2025-beds-sitrep-data-finalversion,Urgent & Emergency Care daily situation report,2025-12,Q3 2025/26,csv,1430.3,raw,
202601-January-2026-beds-sitrep-data-finalversion-v2-CSV.csv,uec_sitrep,uec_sitrep/Urgent and Emergency Care Daily Situation/2026-2025-beds-sitrep-data-finalversion,Urgent & Emergency Care daily situation report,2026-01,Q4 2025/26,csv,1430.5,raw,
202602-February-2026-beds-sitrep-data-finalversion-v2-CSV.csv,uec_sitrep,uec_sitrep/Urgent and Emergency Care Daily Situation/2026-2025-beds-sitrep-data-finalversion,Urgent & Emergency Care daily situation report,2026-02,Q4 2025/26,csv,1430.4,raw,
202603-March-2026-beds-sitrep-data-finalversion-v2-CSV.csv,uec_sitrep,uec_sitrep/Urgent and Emergency Care Daily Situation/2026-2025-beds-sitrep-data-finalversion,Urgent & Emergency Care daily situation report,2026-03,Q4 2025/26,csv,1434.1,raw,
202604-April-2026-beds-sitrep-data-finalversion.csv,uec_sitrep,uec_sitrep/Urgent and Emergency Care Daily Situation/2026-beds-sitrep-data-finalversion,Urgent & Emergency Care daily situation report,2026-04,Q1 2026/27,csv,1344.2,raw,
202605-May-2026-beds-sitrep-data-provisionalversion.csv,uec_sitrep,uec_sitrep/Urgent and Emergency Care Daily Situation/2026-beds-sitrep-data-finalversion,Urgent & Emergency Care daily situation report,2026-05,Q1 2026/27,csv,1344.1,raw,
WLMDS-Demographics-Geography-to-26-April-2026-v1.csv,wlmds,wlmds/WLMDS,Waiting List Minimum Data Set (demographics/fairness),2026-04,Q1 2026/27,csv,2040.0,raw,
WLMDS-Demographics-Specialty-to-26-April-2026-v1.csv,wlmds,wlmds/WLMDS,Waiting List Minimum Data Set (demographics/fairness),2026-04,Q1 2026/27,csv,212.1,raw,
WLMDS-Demographics-Summary-to-26-April-2026-v1.xlsx,wlmds,wlmds/WLMDS,Waiting List Minimum Data Set (demographics/fairness),2026-04,Q1 2026/27,xlsx,516.8,raw,
WLMDS-Demographics-Timeseries-to-26-April-2026-v1.csv,wlmds,wlmds/WLMDS,Waiting List Minimum Data Set (demographics/fairness),2026-04,Q1 2026/27,csv,274.8,raw,
WLMDS-Summary-to-26-Apr-2026.xlsx,wlmds,wlmds/WLMDS,Waiting List Minimum Data Set (demographics/fairness),2026-04,Q1 2026/27,xlsx,313.7,raw,
